[2025-04-01 08:46:39,451] INFO in _internal: [31m[1mWARNING: This is a development server. Do not use it in a production deployment. Use a production WSGI server instead.[0m
 * Running on all addresses (0.0.0.0)
 * Running on http://127.0.0.1:8080
 * Running on http://172.25.0.3:8080
[2025-04-01 08:46:39,451] INFO in _internal: [33mPress CTRL+C to quit[0m
[2025-04-01 08:47:27,146] INFO in _internal: [31m[1mWARNING: This is a development server. Do not use it in a production deployment. Use a production WSGI server instead.[0m
 * Running on all addresses (0.0.0.0)
 * Running on http://127.0.0.1:8080
 * Running on http://172.25.0.2:8080
[2025-04-01 08:47:27,146] INFO in _internal: [33mPress CTRL+C to quit[0m
[2025-04-01 08:49:50,709] INFO in _internal: [31m[1mWARNING: This is a development server. Do not use it in a production deployment. Use a production WSGI server instead.[0m
 * Running on all addresses (0.0.0.0)
 * Running on http://127.0.0.1:8080
 * Running on http://172.25.0.3:8080
[2025-04-01 08:49:50,709] INFO in _internal: [33mPress CTRL+C to quit[0m
[2025-04-01 08:50:46,877] INFO in app: path: /login | method: POST | status: 401 UNAUTHORIZED | size: 28 >>> 172.25.0.6
[2025-04-01 08:50:46,878] INFO in _internal: 172.25.0.6 - - [01/Apr/2025 08:50:46] "[31m[1mPOST /login HTTP/1.1[0m" 401 -
[2025-04-01 08:50:56,423] ERROR in app: Exception on /registro [POST]
Traceback (most recent call last):
  File "/usr/local/lib/python3.8/site-packages/flask/app.py", line 2463, in wsgi_app
    response = self.full_dispatch_request()
  File "/usr/local/lib/python3.8/site-packages/flask/app.py", line 1760, in full_dispatch_request
    rv = self.handle_user_exception(e)
  File "/usr/local/lib/python3.8/site-packages/flask/app.py", line 1758, in full_dispatch_request
    rv = self.dispatch_request()
  File "/usr/local/lib/python3.8/site-packages/flask/app.py", line 1734, in dispatch_request
    return self.ensure_sync(self.view_functions[rule.endpoint])(**view_args)
  File "/app/rutas_inicio.py", line 41, in registro
    respuesta,code= controlador_usuarios.alta_usuario(username,password,profile)
TypeError: alta_usuario() missing 1 required positional argument: 'correo'
[2025-04-01 08:50:56,425] ERROR in app: An exception occurred during a request.
Traceback (most recent call last):
  File "/usr/local/lib/python3.8/site-packages/flask/app.py", line 2463, in wsgi_app
    response = self.full_dispatch_request()
  File "/usr/local/lib/python3.8/site-packages/flask/app.py", line 1760, in full_dispatch_request
    rv = self.handle_user_exception(e)
  File "/usr/local/lib/python3.8/site-packages/flask/app.py", line 1758, in full_dispatch_request
    rv = self.dispatch_request()
  File "/usr/local/lib/python3.8/site-packages/flask/app.py", line 1734, in dispatch_request
    return self.ensure_sync(self.view_functions[rule.endpoint])(**view_args)
  File "/app/rutas_inicio.py", line 41, in registro
    respuesta,code= controlador_usuarios.alta_usuario(username,password,profile)
TypeError: alta_usuario() missing 1 required positional argument: 'correo'
[2025-04-01 08:50:56,426] INFO in app: path: /registro | method: POST | status: 500 INTERNAL SERVER ERROR | size: 21 >>> 172.25.0.6
[2025-04-01 08:50:56,426] INFO in _internal: 172.25.0.6 - - [01/Apr/2025 08:50:56] "[35m[1mPOST /registro HTTP/1.1[0m" 500 -
[2025-04-01 08:51:05,863] ERROR in app: Exception on /registro [POST]
Traceback (most recent call last):
  File "/usr/local/lib/python3.8/site-packages/flask/app.py", line 2463, in wsgi_app
    response = self.full_dispatch_request()
  File "/usr/local/lib/python3.8/site-packages/flask/app.py", line 1760, in full_dispatch_request
    rv = self.handle_user_exception(e)
  File "/usr/local/lib/python3.8/site-packages/flask/app.py", line 1758, in full_dispatch_request
    rv = self.dispatch_request()
  File "/usr/local/lib/python3.8/site-packages/flask/app.py", line 1734, in dispatch_request
    return self.ensure_sync(self.view_functions[rule.endpoint])(**view_args)
  File "/app/rutas_inicio.py", line 41, in registro
    respuesta,code= controlador_usuarios.alta_usuario(username,password,profile)
TypeError: alta_usuario() missing 1 required positional argument: 'correo'
[2025-04-01 08:51:05,864] ERROR in app: An exception occurred during a request.
Traceback (most recent call last):
  File "/usr/local/lib/python3.8/site-packages/flask/app.py", line 2463, in wsgi_app
    response = self.full_dispatch_request()
  File "/usr/local/lib/python3.8/site-packages/flask/app.py", line 1760, in full_dispatch_request
    rv = self.handle_user_exception(e)
  File "/usr/local/lib/python3.8/site-packages/flask/app.py", line 1758, in full_dispatch_request
    rv = self.dispatch_request()
  File "/usr/local/lib/python3.8/site-packages/flask/app.py", line 1734, in dispatch_request
    return self.ensure_sync(self.view_functions[rule.endpoint])(**view_args)
  File "/app/rutas_inicio.py", line 41, in registro
    respuesta,code= controlador_usuarios.alta_usuario(username,password,profile)
TypeError: alta_usuario() missing 1 required positional argument: 'correo'
[2025-04-01 08:51:05,864] INFO in app: path: /registro | method: POST | status: 500 INTERNAL SERVER ERROR | size: 21 >>> 172.25.0.6
[2025-04-01 08:51:05,865] INFO in _internal: 172.25.0.6 - - [01/Apr/2025 08:51:05] "[35m[1mPOST /registro HTTP/1.1[0m" 500 -
[2025-04-01 08:51:06,069] ERROR in app: Exception on /registro [POST]
Traceback (most recent call last):
  File "/usr/local/lib/python3.8/site-packages/flask/app.py", line 2463, in wsgi_app
    response = self.full_dispatch_request()
  File "/usr/local/lib/python3.8/site-packages/flask/app.py", line 1760, in full_dispatch_request
    rv = self.handle_user_exception(e)
  File "/usr/local/lib/python3.8/site-packages/flask/app.py", line 1758, in full_dispatch_request
    rv = self.dispatch_request()
  File "/usr/local/lib/python3.8/site-packages/flask/app.py", line 1734, in dispatch_request
    return self.ensure_sync(self.view_functions[rule.endpoint])(**view_args)
  File "/app/rutas_inicio.py", line 41, in registro
    respuesta,code= controlador_usuarios.alta_usuario(username,password,profile)
TypeError: alta_usuario() missing 1 required positional argument: 'correo'
[2025-04-01 08:51:06,070] ERROR in app: An exception occurred during a request.
Traceback (most recent call last):
  File "/usr/local/lib/python3.8/site-packages/flask/app.py", line 2463, in wsgi_app
    response = self.full_dispatch_request()
  File "/usr/local/lib/python3.8/site-packages/flask/app.py", line 1760, in full_dispatch_request
    rv = self.handle_user_exception(e)
  File "/usr/local/lib/python3.8/site-packages/flask/app.py", line 1758, in full_dispatch_request
    rv = self.dispatch_request()
  File "/usr/local/lib/python3.8/site-packages/flask/app.py", line 1734, in dispatch_request
    return self.ensure_sync(self.view_functions[rule.endpoint])(**view_args)
  File "/app/rutas_inicio.py", line 41, in registro
    respuesta,code= controlador_usuarios.alta_usuario(username,password,profile)
TypeError: alta_usuario() missing 1 required positional argument: 'correo'
[2025-04-01 08:51:06,070] INFO in app: path: /registro | method: POST | status: 500 INTERNAL SERVER ERROR | size: 21 >>> 172.25.0.6
[2025-04-01 08:51:06,071] INFO in _internal: 172.25.0.6 - - [01/Apr/2025 08:51:06] "[35m[1mPOST /registro HTTP/1.1[0m" 500 -
[2025-04-01 08:51:15,167] INFO in controlador_usuarios: Acceso usuario root incorrecto
[2025-04-01 08:51:15,170] INFO in app: path: /login | method: POST | status: 200 OK | size: 55 >>> 172.25.0.6
[2025-04-01 08:51:15,170] INFO in _internal: 172.25.0.6 - - [01/Apr/2025 08:51:15] "POST /login HTTP/1.1" 200 -
[2025-04-01 08:54:57,305] INFO in _internal: [31m[1mWARNING: This is a development server. Do not use it in a production deployment. Use a production WSGI server instead.[0m
 * Running on all addresses (0.0.0.0)
 * Running on http://127.0.0.1:8080
 * Running on http://172.25.0.3:8080
[2025-04-01 08:54:57,305] INFO in _internal: [33mPress CTRL+C to quit[0m
[2025-04-01 08:55:07,661] INFO in controlador_usuarios: Acceso usuario root incorrecto
[2025-04-01 08:55:07,664] INFO in app: path: /login | method: POST | status: 200 OK | size: 55 >>> 172.25.0.6
[2025-04-01 08:55:07,664] INFO in _internal: 172.25.0.6 - - [01/Apr/2025 08:55:07] "POST /login HTTP/1.1" 200 -
[2025-04-01 08:55:45,200] ERROR in app: Exception on /registro [POST]
Traceback (most recent call last):
  File "/usr/local/lib/python3.8/site-packages/flask/app.py", line 2463, in wsgi_app
    response = self.full_dispatch_request()
  File "/usr/local/lib/python3.8/site-packages/flask/app.py", line 1760, in full_dispatch_request
    rv = self.handle_user_exception(e)
  File "/usr/local/lib/python3.8/site-packages/flask/app.py", line 1758, in full_dispatch_request
    rv = self.dispatch_request()
  File "/usr/local/lib/python3.8/site-packages/flask/app.py", line 1734, in dispatch_request
    return self.ensure_sync(self.view_functions[rule.endpoint])(**view_args)
  File "/app/rutas_inicio.py", line 41, in registro
    respuesta,code= controlador_usuarios.alta_usuario(username,password,profile)
TypeError: alta_usuario() missing 1 required positional argument: 'correo'
[2025-04-01 08:55:45,202] ERROR in app: An exception occurred during a request.
Traceback (most recent call last):
  File "/usr/local/lib/python3.8/site-packages/flask/app.py", line 2463, in wsgi_app
    response = self.full_dispatch_request()
  File "/usr/local/lib/python3.8/site-packages/flask/app.py", line 1760, in full_dispatch_request
    rv = self.handle_user_exception(e)
  File "/usr/local/lib/python3.8/site-packages/flask/app.py", line 1758, in full_dispatch_request
    rv = self.dispatch_request()
  File "/usr/local/lib/python3.8/site-packages/flask/app.py", line 1734, in dispatch_request
    return self.ensure_sync(self.view_functions[rule.endpoint])(**view_args)
  File "/app/rutas_inicio.py", line 41, in registro
    respuesta,code= controlador_usuarios.alta_usuario(username,password,profile)
TypeError: alta_usuario() missing 1 required positional argument: 'correo'
[2025-04-01 08:55:45,203] INFO in app: path: /registro | method: POST | status: 500 INTERNAL SERVER ERROR | size: 21 >>> 172.25.0.6
[2025-04-01 08:55:45,204] INFO in _internal: 172.25.0.6 - - [01/Apr/2025 08:55:45] "[35m[1mPOST /registro HTTP/1.1[0m" 500 -
[2025-04-01 08:55:46,367] ERROR in app: Exception on /registro [POST]
Traceback (most recent call last):
  File "/usr/local/lib/python3.8/site-packages/flask/app.py", line 2463, in wsgi_app
    response = self.full_dispatch_request()
  File "/usr/local/lib/python3.8/site-packages/flask/app.py", line 1760, in full_dispatch_request
    rv = self.handle_user_exception(e)
  File "/usr/local/lib/python3.8/site-packages/flask/app.py", line 1758, in full_dispatch_request
    rv = self.dispatch_request()
  File "/usr/local/lib/python3.8/site-packages/flask/app.py", line 1734, in dispatch_request
    return self.ensure_sync(self.view_functions[rule.endpoint])(**view_args)
  File "/app/rutas_inicio.py", line 41, in registro
    respuesta,code= controlador_usuarios.alta_usuario(username,password,profile)
TypeError: alta_usuario() missing 1 required positional argument: 'correo'
[2025-04-01 08:55:46,368] ERROR in app: An exception occurred during a request.
Traceback (most recent call last):
  File "/usr/local/lib/python3.8/site-packages/flask/app.py", line 2463, in wsgi_app
    response = self.full_dispatch_request()
  File "/usr/local/lib/python3.8/site-packages/flask/app.py", line 1760, in full_dispatch_request
    rv = self.handle_user_exception(e)
  File "/usr/local/lib/python3.8/site-packages/flask/app.py", line 1758, in full_dispatch_request
    rv = self.dispatch_request()
  File "/usr/local/lib/python3.8/site-packages/flask/app.py", line 1734, in dispatch_request
    return self.ensure_sync(self.view_functions[rule.endpoint])(**view_args)
  File "/app/rutas_inicio.py", line 41, in registro
    respuesta,code= controlador_usuarios.alta_usuario(username,password,profile)
TypeError: alta_usuario() missing 1 required positional argument: 'correo'
[2025-04-01 08:55:46,368] INFO in app: path: /registro | method: POST | status: 500 INTERNAL SERVER ERROR | size: 21 >>> 172.25.0.6
[2025-04-01 08:55:46,369] INFO in _internal: 172.25.0.6 - - [01/Apr/2025 08:55:46] "[35m[1mPOST /registro HTTP/1.1[0m" 500 -
[2025-04-01 08:55:46,559] ERROR in app: Exception on /registro [POST]
Traceback (most recent call last):
  File "/usr/local/lib/python3.8/site-packages/flask/app.py", line 2463, in wsgi_app
    response = self.full_dispatch_request()
  File "/usr/local/lib/python3.8/site-packages/flask/app.py", line 1760, in full_dispatch_request
    rv = self.handle_user_exception(e)
  File "/usr/local/lib/python3.8/site-packages/flask/app.py", line 1758, in full_dispatch_request
    rv = self.dispatch_request()
  File "/usr/local/lib/python3.8/site-packages/flask/app.py", line 1734, in dispatch_request
    return self.ensure_sync(self.view_functions[rule.endpoint])(**view_args)
  File "/app/rutas_inicio.py", line 41, in registro
    respuesta,code= controlador_usuarios.alta_usuario(username,password,profile)
TypeError: alta_usuario() missing 1 required positional argument: 'correo'
[2025-04-01 08:55:46,560] ERROR in app: An exception occurred during a request.
Traceback (most recent call last):
  File "/usr/local/lib/python3.8/site-packages/flask/app.py", line 2463, in wsgi_app
    response = self.full_dispatch_request()
  File "/usr/local/lib/python3.8/site-packages/flask/app.py", line 1760, in full_dispatch_request
    rv = self.handle_user_exception(e)
  File "/usr/local/lib/python3.8/site-packages/flask/app.py", line 1758, in full_dispatch_request
    rv = self.dispatch_request()
  File "/usr/local/lib/python3.8/site-packages/flask/app.py", line 1734, in dispatch_request
    return self.ensure_sync(self.view_functions[rule.endpoint])(**view_args)
  File "/app/rutas_inicio.py", line 41, in registro
    respuesta,code= controlador_usuarios.alta_usuario(username,password,profile)
TypeError: alta_usuario() missing 1 required positional argument: 'correo'
[2025-04-01 08:55:46,560] INFO in app: path: /registro | method: POST | status: 500 INTERNAL SERVER ERROR | size: 21 >>> 172.25.0.6
[2025-04-01 08:55:46,561] INFO in _internal: 172.25.0.6 - - [01/Apr/2025 08:55:46] "[35m[1mPOST /registro HTTP/1.1[0m" 500 -
[2025-04-01 08:55:46,718] ERROR in app: Exception on /registro [POST]
Traceback (most recent call last):
  File "/usr/local/lib/python3.8/site-packages/flask/app.py", line 2463, in wsgi_app
    response = self.full_dispatch_request()
  File "/usr/local/lib/python3.8/site-packages/flask/app.py", line 1760, in full_dispatch_request
    rv = self.handle_user_exception(e)
  File "/usr/local/lib/python3.8/site-packages/flask/app.py", line 1758, in full_dispatch_request
    rv = self.dispatch_request()
  File "/usr/local/lib/python3.8/site-packages/flask/app.py", line 1734, in dispatch_request
    return self.ensure_sync(self.view_functions[rule.endpoint])(**view_args)
  File "/app/rutas_inicio.py", line 41, in registro
    respuesta,code= controlador_usuarios.alta_usuario(username,password,profile)
TypeError: alta_usuario() missing 1 required positional argument: 'correo'
[2025-04-01 08:55:46,719] ERROR in app: An exception occurred during a request.
Traceback (most recent call last):
  File "/usr/local/lib/python3.8/site-packages/flask/app.py", line 2463, in wsgi_app
    response = self.full_dispatch_request()
  File "/usr/local/lib/python3.8/site-packages/flask/app.py", line 1760, in full_dispatch_request
    rv = self.handle_user_exception(e)
  File "/usr/local/lib/python3.8/site-packages/flask/app.py", line 1758, in full_dispatch_request
    rv = self.dispatch_request()
  File "/usr/local/lib/python3.8/site-packages/flask/app.py", line 1734, in dispatch_request
    return self.ensure_sync(self.view_functions[rule.endpoint])(**view_args)
  File "/app/rutas_inicio.py", line 41, in registro
    respuesta,code= controlador_usuarios.alta_usuario(username,password,profile)
TypeError: alta_usuario() missing 1 required positional argument: 'correo'
[2025-04-01 08:55:46,720] INFO in app: path: /registro | method: POST | status: 500 INTERNAL SERVER ERROR | size: 21 >>> 172.25.0.6
[2025-04-01 08:55:46,720] INFO in _internal: 172.25.0.6 - - [01/Apr/2025 08:55:46] "[35m[1mPOST /registro HTTP/1.1[0m" 500 -
[2025-04-01 08:57:47,824] ERROR in app: Exception on /registro [POST]
Traceback (most recent call last):
  File "/usr/local/lib/python3.8/site-packages/flask/app.py", line 2463, in wsgi_app
    response = self.full_dispatch_request()
  File "/usr/local/lib/python3.8/site-packages/flask/app.py", line 1760, in full_dispatch_request
    rv = self.handle_user_exception(e)
  File "/usr/local/lib/python3.8/site-packages/flask/app.py", line 1758, in full_dispatch_request
    rv = self.dispatch_request()
  File "/usr/local/lib/python3.8/site-packages/flask/app.py", line 1734, in dispatch_request
    return self.ensure_sync(self.view_functions[rule.endpoint])(**view_args)
  File "/app/rutas_inicio.py", line 41, in registro
    respuesta,code= controlador_usuarios.alta_usuario(username,password,profile)
TypeError: alta_usuario() missing 1 required positional argument: 'correo'
[2025-04-01 08:57:47,825] ERROR in app: An exception occurred during a request.
Traceback (most recent call last):
  File "/usr/local/lib/python3.8/site-packages/flask/app.py", line 2463, in wsgi_app
    response = self.full_dispatch_request()
  File "/usr/local/lib/python3.8/site-packages/flask/app.py", line 1760, in full_dispatch_request
    rv = self.handle_user_exception(e)
  File "/usr/local/lib/python3.8/site-packages/flask/app.py", line 1758, in full_dispatch_request
    rv = self.dispatch_request()
  File "/usr/local/lib/python3.8/site-packages/flask/app.py", line 1734, in dispatch_request
    return self.ensure_sync(self.view_functions[rule.endpoint])(**view_args)
  File "/app/rutas_inicio.py", line 41, in registro
    respuesta,code= controlador_usuarios.alta_usuario(username,password,profile)
TypeError: alta_usuario() missing 1 required positional argument: 'correo'
[2025-04-01 08:57:47,826] INFO in app: path: /registro | method: POST | status: 500 INTERNAL SERVER ERROR | size: 21 >>> 172.25.0.6
[2025-04-01 08:57:47,826] INFO in _internal: 172.25.0.6 - - [01/Apr/2025 08:57:47] "[35m[1mPOST /registro HTTP/1.1[0m" 500 -
[2025-04-01 08:57:48,223] ERROR in app: Exception on /registro [POST]
Traceback (most recent call last):
  File "/usr/local/lib/python3.8/site-packages/flask/app.py", line 2463, in wsgi_app
    response = self.full_dispatch_request()
  File "/usr/local/lib/python3.8/site-packages/flask/app.py", line 1760, in full_dispatch_request
    rv = self.handle_user_exception(e)
  File "/usr/local/lib/python3.8/site-packages/flask/app.py", line 1758, in full_dispatch_request
    rv = self.dispatch_request()
  File "/usr/local/lib/python3.8/site-packages/flask/app.py", line 1734, in dispatch_request
    return self.ensure_sync(self.view_functions[rule.endpoint])(**view_args)
  File "/app/rutas_inicio.py", line 41, in registro
    respuesta,code= controlador_usuarios.alta_usuario(username,password,profile)
TypeError: alta_usuario() missing 1 required positional argument: 'correo'
[2025-04-01 08:57:48,224] ERROR in app: An exception occurred during a request.
Traceback (most recent call last):
  File "/usr/local/lib/python3.8/site-packages/flask/app.py", line 2463, in wsgi_app
    response = self.full_dispatch_request()
  File "/usr/local/lib/python3.8/site-packages/flask/app.py", line 1760, in full_dispatch_request
    rv = self.handle_user_exception(e)
  File "/usr/local/lib/python3.8/site-packages/flask/app.py", line 1758, in full_dispatch_request
    rv = self.dispatch_request()
  File "/usr/local/lib/python3.8/site-packages/flask/app.py", line 1734, in dispatch_request
    return self.ensure_sync(self.view_functions[rule.endpoint])(**view_args)
  File "/app/rutas_inicio.py", line 41, in registro
    respuesta,code= controlador_usuarios.alta_usuario(username,password,profile)
TypeError: alta_usuario() missing 1 required positional argument: 'correo'
[2025-04-01 08:57:48,224] INFO in app: path: /registro | method: POST | status: 500 INTERNAL SERVER ERROR | size: 21 >>> 172.25.0.6
[2025-04-01 08:57:48,225] INFO in _internal: 172.25.0.6 - - [01/Apr/2025 08:57:48] "[35m[1mPOST /registro HTTP/1.1[0m" 500 -
[2025-04-01 08:57:48,425] ERROR in app: Exception on /registro [POST]
Traceback (most recent call last):
  File "/usr/local/lib/python3.8/site-packages/flask/app.py", line 2463, in wsgi_app
    response = self.full_dispatch_request()
  File "/usr/local/lib/python3.8/site-packages/flask/app.py", line 1760, in full_dispatch_request
    rv = self.handle_user_exception(e)
  File "/usr/local/lib/python3.8/site-packages/flask/app.py", line 1758, in full_dispatch_request
    rv = self.dispatch_request()
  File "/usr/local/lib/python3.8/site-packages/flask/app.py", line 1734, in dispatch_request
    return self.ensure_sync(self.view_functions[rule.endpoint])(**view_args)
  File "/app/rutas_inicio.py", line 41, in registro
    respuesta,code= controlador_usuarios.alta_usuario(username,password,profile)
TypeError: alta_usuario() missing 1 required positional argument: 'correo'
[2025-04-01 08:57:48,425] ERROR in app: An exception occurred during a request.
Traceback (most recent call last):
  File "/usr/local/lib/python3.8/site-packages/flask/app.py", line 2463, in wsgi_app
    response = self.full_dispatch_request()
  File "/usr/local/lib/python3.8/site-packages/flask/app.py", line 1760, in full_dispatch_request
    rv = self.handle_user_exception(e)
  File "/usr/local/lib/python3.8/site-packages/flask/app.py", line 1758, in full_dispatch_request
    rv = self.dispatch_request()
  File "/usr/local/lib/python3.8/site-packages/flask/app.py", line 1734, in dispatch_request
    return self.ensure_sync(self.view_functions[rule.endpoint])(**view_args)
  File "/app/rutas_inicio.py", line 41, in registro
    respuesta,code= controlador_usuarios.alta_usuario(username,password,profile)
TypeError: alta_usuario() missing 1 required positional argument: 'correo'
[2025-04-01 08:57:48,426] INFO in app: path: /registro | method: POST | status: 500 INTERNAL SERVER ERROR | size: 21 >>> 172.25.0.6
[2025-04-01 08:57:48,426] INFO in _internal: 172.25.0.6 - - [01/Apr/2025 08:57:48] "[35m[1mPOST /registro HTTP/1.1[0m" 500 -
[2025-04-01 08:57:48,600] ERROR in app: Exception on /registro [POST]
Traceback (most recent call last):
  File "/usr/local/lib/python3.8/site-packages/flask/app.py", line 2463, in wsgi_app
    response = self.full_dispatch_request()
  File "/usr/local/lib/python3.8/site-packages/flask/app.py", line 1760, in full_dispatch_request
    rv = self.handle_user_exception(e)
  File "/usr/local/lib/python3.8/site-packages/flask/app.py", line 1758, in full_dispatch_request
    rv = self.dispatch_request()
  File "/usr/local/lib/python3.8/site-packages/flask/app.py", line 1734, in dispatch_request
    return self.ensure_sync(self.view_functions[rule.endpoint])(**view_args)
  File "/app/rutas_inicio.py", line 41, in registro
    respuesta,code= controlador_usuarios.alta_usuario(username,password,profile)
TypeError: alta_usuario() missing 1 required positional argument: 'correo'
[2025-04-01 08:57:48,600] ERROR in app: An exception occurred during a request.
Traceback (most recent call last):
  File "/usr/local/lib/python3.8/site-packages/flask/app.py", line 2463, in wsgi_app
    response = self.full_dispatch_request()
  File "/usr/local/lib/python3.8/site-packages/flask/app.py", line 1760, in full_dispatch_request
    rv = self.handle_user_exception(e)
  File "/usr/local/lib/python3.8/site-packages/flask/app.py", line 1758, in full_dispatch_request
    rv = self.dispatch_request()
  File "/usr/local/lib/python3.8/site-packages/flask/app.py", line 1734, in dispatch_request
    return self.ensure_sync(self.view_functions[rule.endpoint])(**view_args)
  File "/app/rutas_inicio.py", line 41, in registro
    respuesta,code= controlador_usuarios.alta_usuario(username,password,profile)
TypeError: alta_usuario() missing 1 required positional argument: 'correo'
[2025-04-01 08:57:48,601] INFO in app: path: /registro | method: POST | status: 500 INTERNAL SERVER ERROR | size: 21 >>> 172.25.0.6
[2025-04-01 08:57:48,602] INFO in _internal: 172.25.0.6 - - [01/Apr/2025 08:57:48] "[35m[1mPOST /registro HTTP/1.1[0m" 500 -
[2025-04-01 08:58:11,427] INFO in app: path: /salas | method: GET | status: 403 FORBIDDEN | size: 23 >>> 172.25.0.6
[2025-04-01 08:58:11,427] INFO in _internal: 172.25.0.6 - - [01/Apr/2025 08:58:11] "[31m[1mGET /salas HTTP/1.1[0m" 403 -
[2025-04-01 08:58:22,029] INFO in controlador_usuarios: Acceso usuario root correcto
[2025-04-01 08:58:22,031] INFO in app: path: /login | method: POST | status: 200 OK | size: 144 >>> 172.25.0.6
[2025-04-01 08:58:22,031] INFO in _internal: 172.25.0.6 - - [01/Apr/2025 08:58:22] "POST /login HTTP/1.1" 200 -
[2025-04-01 08:58:27,648] INFO in controlador_usuarios: Acceso usuario root correcto
[2025-04-01 08:58:27,649] INFO in app: path: /login | method: POST | status: 200 OK | size: 144 >>> 172.25.0.6
[2025-04-01 08:58:27,650] INFO in _internal: 172.25.0.6 - - [01/Apr/2025 08:58:27] "POST /login HTTP/1.1" 200 -
[2025-04-01 08:59:54,809] INFO in app: path: /logout | method: GET | status: 200 OK | size: 16 >>> 172.25.0.6
[2025-04-01 08:59:54,810] INFO in _internal: 172.25.0.6 - - [01/Apr/2025 08:59:54] "GET /logout HTTP/1.1" 200 -
[2025-04-01 09:00:01,545] INFO in controlador_usuarios: Acceso usuario root correcto
[2025-04-01 09:00:01,546] INFO in app: path: /login | method: POST | status: 200 OK | size: 144 >>> 172.25.0.6
[2025-04-01 09:00:01,547] INFO in _internal: 172.25.0.6 - - [01/Apr/2025 09:00:01] "POST /login HTTP/1.1" 200 -
[2025-04-01 09:00:15,360] ERROR in app: Exception on /salas [POST]
Traceback (most recent call last):
  File "/usr/local/lib/python3.8/site-packages/flask/app.py", line 2463, in wsgi_app
    response = self.full_dispatch_request()
  File "/usr/local/lib/python3.8/site-packages/flask/app.py", line 1760, in full_dispatch_request
    rv = self.handle_user_exception(e)
  File "/usr/local/lib/python3.8/site-packages/flask/app.py", line 1758, in full_dispatch_request
    rv = self.dispatch_request()
  File "/usr/local/lib/python3.8/site-packages/flask/app.py", line 1734, in dispatch_request
    return self.ensure_sync(self.view_functions[rule.endpoint])(**view_args)
  File "/app/rutas_salas.py", line 58, in guardar_sala
    response= make_response(json.dumps(respuesta, cls=Encoder))
UnboundLocalError: local variable 'respuesta' referenced before assignment
[2025-04-01 09:00:15,362] ERROR in app: An exception occurred during a request.
Traceback (most recent call last):
  File "/usr/local/lib/python3.8/site-packages/flask/app.py", line 2463, in wsgi_app
    response = self.full_dispatch_request()
  File "/usr/local/lib/python3.8/site-packages/flask/app.py", line 1760, in full_dispatch_request
    rv = self.handle_user_exception(e)
  File "/usr/local/lib/python3.8/site-packages/flask/app.py", line 1758, in full_dispatch_request
    rv = self.dispatch_request()
  File "/usr/local/lib/python3.8/site-packages/flask/app.py", line 1734, in dispatch_request
    return self.ensure_sync(self.view_functions[rule.endpoint])(**view_args)
  File "/app/rutas_salas.py", line 58, in guardar_sala
    response= make_response(json.dumps(respuesta, cls=Encoder))
UnboundLocalError: local variable 'respuesta' referenced before assignment
[2025-04-01 09:00:15,362] INFO in app: path: /salas | method: POST | status: 500 INTERNAL SERVER ERROR | size: 21 >>> 172.25.0.6
[2025-04-01 09:00:15,363] INFO in _internal: 172.25.0.6 - - [01/Apr/2025 09:00:15] "[35m[1mPOST /salas HTTP/1.1[0m" 500 -
[2025-04-01 09:01:07,425] ERROR in app: Exception on /salas [POST]
Traceback (most recent call last):
  File "/usr/local/lib/python3.8/site-packages/flask/app.py", line 2463, in wsgi_app
    response = self.full_dispatch_request()
  File "/usr/local/lib/python3.8/site-packages/flask/app.py", line 1760, in full_dispatch_request
    rv = self.handle_user_exception(e)
  File "/usr/local/lib/python3.8/site-packages/flask/app.py", line 1758, in full_dispatch_request
    rv = self.dispatch_request()
  File "/usr/local/lib/python3.8/site-packages/flask/app.py", line 1734, in dispatch_request
    return self.ensure_sync(self.view_functions[rule.endpoint])(**view_args)
  File "/app/rutas_salas.py", line 58, in guardar_sala
    response= make_response(json.dumps(respuesta, cls=Encoder))
UnboundLocalError: local variable 'respuesta' referenced before assignment
[2025-04-01 09:01:07,426] ERROR in app: An exception occurred during a request.
Traceback (most recent call last):
  File "/usr/local/lib/python3.8/site-packages/flask/app.py", line 2463, in wsgi_app
    response = self.full_dispatch_request()
  File "/usr/local/lib/python3.8/site-packages/flask/app.py", line 1760, in full_dispatch_request
    rv = self.handle_user_exception(e)
  File "/usr/local/lib/python3.8/site-packages/flask/app.py", line 1758, in full_dispatch_request
    rv = self.dispatch_request()
  File "/usr/local/lib/python3.8/site-packages/flask/app.py", line 1734, in dispatch_request
    return self.ensure_sync(self.view_functions[rule.endpoint])(**view_args)
  File "/app/rutas_salas.py", line 58, in guardar_sala
    response= make_response(json.dumps(respuesta, cls=Encoder))
UnboundLocalError: local variable 'respuesta' referenced before assignment
[2025-04-01 09:01:07,427] INFO in app: path: /salas | method: POST | status: 500 INTERNAL SERVER ERROR | size: 21 >>> 172.25.0.6
[2025-04-01 09:01:07,427] INFO in _internal: 172.25.0.6 - - [01/Apr/2025 09:01:07] "[35m[1mPOST /salas HTTP/1.1[0m" 500 -
[2025-04-01 09:03:34,914] ERROR in app: Exception on /salas [POST]
Traceback (most recent call last):
  File "/usr/local/lib/python3.8/site-packages/flask/app.py", line 2463, in wsgi_app
    response = self.full_dispatch_request()
  File "/usr/local/lib/python3.8/site-packages/flask/app.py", line 1760, in full_dispatch_request
    rv = self.handle_user_exception(e)
  File "/usr/local/lib/python3.8/site-packages/flask/app.py", line 1758, in full_dispatch_request
    rv = self.dispatch_request()
  File "/usr/local/lib/python3.8/site-packages/flask/app.py", line 1734, in dispatch_request
    return self.ensure_sync(self.view_functions[rule.endpoint])(**view_args)
  File "/app/rutas_salas.py", line 58, in guardar_sala
    response= make_response(json.dumps(respuesta, cls=Encoder))
UnboundLocalError: local variable 'respuesta' referenced before assignment
[2025-04-01 09:03:34,915] ERROR in app: An exception occurred during a request.
Traceback (most recent call last):
  File "/usr/local/lib/python3.8/site-packages/flask/app.py", line 2463, in wsgi_app
    response = self.full_dispatch_request()
  File "/usr/local/lib/python3.8/site-packages/flask/app.py", line 1760, in full_dispatch_request
    rv = self.handle_user_exception(e)
  File "/usr/local/lib/python3.8/site-packages/flask/app.py", line 1758, in full_dispatch_request
    rv = self.dispatch_request()
  File "/usr/local/lib/python3.8/site-packages/flask/app.py", line 1734, in dispatch_request
    return self.ensure_sync(self.view_functions[rule.endpoint])(**view_args)
  File "/app/rutas_salas.py", line 58, in guardar_sala
    response= make_response(json.dumps(respuesta, cls=Encoder))
UnboundLocalError: local variable 'respuesta' referenced before assignment
[2025-04-01 09:03:34,915] INFO in app: path: /salas | method: POST | status: 500 INTERNAL SERVER ERROR | size: 21 >>> 172.25.0.6
[2025-04-01 09:03:34,916] INFO in _internal: 172.25.0.6 - - [01/Apr/2025 09:03:34] "[35m[1mPOST /salas HTTP/1.1[0m" 500 -
[2025-04-01 09:03:42,200] ERROR in app: Exception on /salas [POST]
Traceback (most recent call last):
  File "/usr/local/lib/python3.8/site-packages/flask/app.py", line 2463, in wsgi_app
    response = self.full_dispatch_request()
  File "/usr/local/lib/python3.8/site-packages/flask/app.py", line 1760, in full_dispatch_request
    rv = self.handle_user_exception(e)
  File "/usr/local/lib/python3.8/site-packages/flask/app.py", line 1758, in full_dispatch_request
    rv = self.dispatch_request()
  File "/usr/local/lib/python3.8/site-packages/flask/app.py", line 1734, in dispatch_request
    return self.ensure_sync(self.view_functions[rule.endpoint])(**view_args)
  File "/app/rutas_salas.py", line 58, in guardar_sala
    response= make_response(json.dumps(respuesta, cls=Encoder))
UnboundLocalError: local variable 'respuesta' referenced before assignment
[2025-04-01 09:03:42,201] ERROR in app: An exception occurred during a request.
Traceback (most recent call last):
  File "/usr/local/lib/python3.8/site-packages/flask/app.py", line 2463, in wsgi_app
    response = self.full_dispatch_request()
  File "/usr/local/lib/python3.8/site-packages/flask/app.py", line 1760, in full_dispatch_request
    rv = self.handle_user_exception(e)
  File "/usr/local/lib/python3.8/site-packages/flask/app.py", line 1758, in full_dispatch_request
    rv = self.dispatch_request()
  File "/usr/local/lib/python3.8/site-packages/flask/app.py", line 1734, in dispatch_request
    return self.ensure_sync(self.view_functions[rule.endpoint])(**view_args)
  File "/app/rutas_salas.py", line 58, in guardar_sala
    response= make_response(json.dumps(respuesta, cls=Encoder))
UnboundLocalError: local variable 'respuesta' referenced before assignment
[2025-04-01 09:03:42,202] INFO in app: path: /salas | method: POST | status: 500 INTERNAL SERVER ERROR | size: 21 >>> 172.25.0.6
[2025-04-01 09:03:42,202] INFO in _internal: 172.25.0.6 - - [01/Apr/2025 09:03:42] "[35m[1mPOST /salas HTTP/1.1[0m" 500 -
[2025-04-01 09:03:45,992] ERROR in app: Exception on /salas [POST]
Traceback (most recent call last):
  File "/usr/local/lib/python3.8/site-packages/flask/app.py", line 2463, in wsgi_app
    response = self.full_dispatch_request()
  File "/usr/local/lib/python3.8/site-packages/flask/app.py", line 1760, in full_dispatch_request
    rv = self.handle_user_exception(e)
  File "/usr/local/lib/python3.8/site-packages/flask/app.py", line 1758, in full_dispatch_request
    rv = self.dispatch_request()
  File "/usr/local/lib/python3.8/site-packages/flask/app.py", line 1734, in dispatch_request
    return self.ensure_sync(self.view_functions[rule.endpoint])(**view_args)
  File "/app/rutas_salas.py", line 58, in guardar_sala
    response= make_response(json.dumps(respuesta, cls=Encoder))
UnboundLocalError: local variable 'respuesta' referenced before assignment
[2025-04-01 09:03:45,993] ERROR in app: An exception occurred during a request.
Traceback (most recent call last):
  File "/usr/local/lib/python3.8/site-packages/flask/app.py", line 2463, in wsgi_app
    response = self.full_dispatch_request()
  File "/usr/local/lib/python3.8/site-packages/flask/app.py", line 1760, in full_dispatch_request
    rv = self.handle_user_exception(e)
  File "/usr/local/lib/python3.8/site-packages/flask/app.py", line 1758, in full_dispatch_request
    rv = self.dispatch_request()
  File "/usr/local/lib/python3.8/site-packages/flask/app.py", line 1734, in dispatch_request
    return self.ensure_sync(self.view_functions[rule.endpoint])(**view_args)
  File "/app/rutas_salas.py", line 58, in guardar_sala
    response= make_response(json.dumps(respuesta, cls=Encoder))
UnboundLocalError: local variable 'respuesta' referenced before assignment
[2025-04-01 09:03:45,994] INFO in app: path: /salas | method: POST | status: 500 INTERNAL SERVER ERROR | size: 21 >>> 172.25.0.6
[2025-04-01 09:03:45,994] INFO in _internal: 172.25.0.6 - - [01/Apr/2025 09:03:45] "[35m[1mPOST /salas HTTP/1.1[0m" 500 -
[2025-04-01 09:04:01,633] ERROR in app: Exception on /salas [POST]
Traceback (most recent call last):
  File "/usr/local/lib/python3.8/site-packages/flask/app.py", line 2463, in wsgi_app
    response = self.full_dispatch_request()
  File "/usr/local/lib/python3.8/site-packages/flask/app.py", line 1760, in full_dispatch_request
    rv = self.handle_user_exception(e)
  File "/usr/local/lib/python3.8/site-packages/flask/app.py", line 1758, in full_dispatch_request
    rv = self.dispatch_request()
  File "/usr/local/lib/python3.8/site-packages/flask/app.py", line 1734, in dispatch_request
    return self.ensure_sync(self.view_functions[rule.endpoint])(**view_args)
  File "/app/rutas_salas.py", line 58, in guardar_sala
    response= make_response(json.dumps(respuesta, cls=Encoder))
UnboundLocalError: local variable 'respuesta' referenced before assignment
[2025-04-01 09:04:01,633] ERROR in app: An exception occurred during a request.
Traceback (most recent call last):
  File "/usr/local/lib/python3.8/site-packages/flask/app.py", line 2463, in wsgi_app
    response = self.full_dispatch_request()
  File "/usr/local/lib/python3.8/site-packages/flask/app.py", line 1760, in full_dispatch_request
    rv = self.handle_user_exception(e)
  File "/usr/local/lib/python3.8/site-packages/flask/app.py", line 1758, in full_dispatch_request
    rv = self.dispatch_request()
  File "/usr/local/lib/python3.8/site-packages/flask/app.py", line 1734, in dispatch_request
    return self.ensure_sync(self.view_functions[rule.endpoint])(**view_args)
  File "/app/rutas_salas.py", line 58, in guardar_sala
    response= make_response(json.dumps(respuesta, cls=Encoder))
UnboundLocalError: local variable 'respuesta' referenced before assignment
[2025-04-01 09:04:01,634] INFO in app: path: /salas | method: POST | status: 500 INTERNAL SERVER ERROR | size: 21 >>> 172.25.0.6
[2025-04-01 09:04:01,635] INFO in _internal: 172.25.0.6 - - [01/Apr/2025 09:04:01] "[35m[1mPOST /salas HTTP/1.1[0m" 500 -
[2025-04-01 09:06:20,078] ERROR in app: Exception on /salas [POST]
Traceback (most recent call last):
  File "/usr/local/lib/python3.8/site-packages/flask/app.py", line 2463, in wsgi_app
    response = self.full_dispatch_request()
  File "/usr/local/lib/python3.8/site-packages/flask/app.py", line 1760, in full_dispatch_request
    rv = self.handle_user_exception(e)
  File "/usr/local/lib/python3.8/site-packages/flask/app.py", line 1758, in full_dispatch_request
    rv = self.dispatch_request()
  File "/usr/local/lib/python3.8/site-packages/flask/app.py", line 1734, in dispatch_request
    return self.ensure_sync(self.view_functions[rule.endpoint])(**view_args)
  File "/app/rutas_salas.py", line 58, in guardar_sala
    response= make_response(json.dumps(respuesta, cls=Encoder))
UnboundLocalError: local variable 'respuesta' referenced before assignment
[2025-04-01 09:06:20,078] ERROR in app: An exception occurred during a request.
Traceback (most recent call last):
  File "/usr/local/lib/python3.8/site-packages/flask/app.py", line 2463, in wsgi_app
    response = self.full_dispatch_request()
  File "/usr/local/lib/python3.8/site-packages/flask/app.py", line 1760, in full_dispatch_request
    rv = self.handle_user_exception(e)
  File "/usr/local/lib/python3.8/site-packages/flask/app.py", line 1758, in full_dispatch_request
    rv = self.dispatch_request()
  File "/usr/local/lib/python3.8/site-packages/flask/app.py", line 1734, in dispatch_request
    return self.ensure_sync(self.view_functions[rule.endpoint])(**view_args)
  File "/app/rutas_salas.py", line 58, in guardar_sala
    response= make_response(json.dumps(respuesta, cls=Encoder))
UnboundLocalError: local variable 'respuesta' referenced before assignment
[2025-04-01 09:06:20,079] INFO in app: path: /salas | method: POST | status: 500 INTERNAL SERVER ERROR | size: 21 >>> 172.25.0.6
[2025-04-01 09:06:20,080] INFO in _internal: 172.25.0.6 - - [01/Apr/2025 09:06:20] "[35m[1mPOST /salas HTTP/1.1[0m" 500 -
[2025-04-01 09:06:53,836] INFO in app: path: /upload | method: POST | status: 400 BAD REQUEST | size: 117 >>> 172.25.0.6
[2025-04-01 09:06:53,837] INFO in _internal: 172.25.0.6 - - [01/Apr/2025 09:06:53] "[31m[1mPOST /upload HTTP/1.1[0m" 400 -
[2025-04-01 09:06:56,783] INFO in app: path: /ver/ | method: GET | status: 404 NOT FOUND | size: 207 >>> 172.25.0.6
[2025-04-01 09:06:56,784] INFO in _internal: 172.25.0.6 - - [01/Apr/2025 09:06:56] "[33mGET /ver/ HTTP/1.1[0m" 404 -
[2025-04-01 09:07:01,028] INFO in app: path: /logout | method: GET | status: 200 OK | size: 16 >>> 172.25.0.6
[2025-04-01 09:07:01,029] INFO in _internal: 172.25.0.6 - - [01/Apr/2025 09:07:01] "GET /logout HTTP/1.1" 200 -
[2025-04-01 09:07:10,008] ERROR in app: Exception on /registro [POST]
Traceback (most recent call last):
  File "/usr/local/lib/python3.8/site-packages/flask/app.py", line 2463, in wsgi_app
    response = self.full_dispatch_request()
  File "/usr/local/lib/python3.8/site-packages/flask/app.py", line 1760, in full_dispatch_request
    rv = self.handle_user_exception(e)
  File "/usr/local/lib/python3.8/site-packages/flask/app.py", line 1758, in full_dispatch_request
    rv = self.dispatch_request()
  File "/usr/local/lib/python3.8/site-packages/flask/app.py", line 1734, in dispatch_request
    return self.ensure_sync(self.view_functions[rule.endpoint])(**view_args)
  File "/app/rutas_inicio.py", line 41, in registro
    respuesta,code= controlador_usuarios.alta_usuario(username,password,profile)
TypeError: alta_usuario() missing 1 required positional argument: 'correo'
[2025-04-01 09:07:10,009] ERROR in app: An exception occurred during a request.
Traceback (most recent call last):
  File "/usr/local/lib/python3.8/site-packages/flask/app.py", line 2463, in wsgi_app
    response = self.full_dispatch_request()
  File "/usr/local/lib/python3.8/site-packages/flask/app.py", line 1760, in full_dispatch_request
    rv = self.handle_user_exception(e)
  File "/usr/local/lib/python3.8/site-packages/flask/app.py", line 1758, in full_dispatch_request
    rv = self.dispatch_request()
  File "/usr/local/lib/python3.8/site-packages/flask/app.py", line 1734, in dispatch_request
    return self.ensure_sync(self.view_functions[rule.endpoint])(**view_args)
  File "/app/rutas_inicio.py", line 41, in registro
    respuesta,code= controlador_usuarios.alta_usuario(username,password,profile)
TypeError: alta_usuario() missing 1 required positional argument: 'correo'
[2025-04-01 09:07:10,010] INFO in app: path: /registro | method: POST | status: 500 INTERNAL SERVER ERROR | size: 21 >>> 172.25.0.6
[2025-04-01 09:07:10,011] INFO in _internal: 172.25.0.6 - - [01/Apr/2025 09:07:10] "[35m[1mPOST /registro HTTP/1.1[0m" 500 -
[2025-04-01 09:07:10,702] ERROR in app: Exception on /registro [POST]
Traceback (most recent call last):
  File "/usr/local/lib/python3.8/site-packages/flask/app.py", line 2463, in wsgi_app
    response = self.full_dispatch_request()
  File "/usr/local/lib/python3.8/site-packages/flask/app.py", line 1760, in full_dispatch_request
    rv = self.handle_user_exception(e)
  File "/usr/local/lib/python3.8/site-packages/flask/app.py", line 1758, in full_dispatch_request
    rv = self.dispatch_request()
  File "/usr/local/lib/python3.8/site-packages/flask/app.py", line 1734, in dispatch_request
    return self.ensure_sync(self.view_functions[rule.endpoint])(**view_args)
  File "/app/rutas_inicio.py", line 41, in registro
    respuesta,code= controlador_usuarios.alta_usuario(username,password,profile)
TypeError: alta_usuario() missing 1 required positional argument: 'correo'
[2025-04-01 09:07:10,702] ERROR in app: An exception occurred during a request.
Traceback (most recent call last):
  File "/usr/local/lib/python3.8/site-packages/flask/app.py", line 2463, in wsgi_app
    response = self.full_dispatch_request()
  File "/usr/local/lib/python3.8/site-packages/flask/app.py", line 1760, in full_dispatch_request
    rv = self.handle_user_exception(e)
  File "/usr/local/lib/python3.8/site-packages/flask/app.py", line 1758, in full_dispatch_request
    rv = self.dispatch_request()
  File "/usr/local/lib/python3.8/site-packages/flask/app.py", line 1734, in dispatch_request
    return self.ensure_sync(self.view_functions[rule.endpoint])(**view_args)
  File "/app/rutas_inicio.py", line 41, in registro
    respuesta,code= controlador_usuarios.alta_usuario(username,password,profile)
TypeError: alta_usuario() missing 1 required positional argument: 'correo'
[2025-04-01 09:07:10,703] INFO in app: path: /registro | method: POST | status: 500 INTERNAL SERVER ERROR | size: 21 >>> 172.25.0.6
[2025-04-01 09:07:10,703] INFO in _internal: 172.25.0.6 - - [01/Apr/2025 09:07:10] "[35m[1mPOST /registro HTTP/1.1[0m" 500 -
[2025-04-01 09:07:10,895] ERROR in app: Exception on /registro [POST]
Traceback (most recent call last):
  File "/usr/local/lib/python3.8/site-packages/flask/app.py", line 2463, in wsgi_app
    response = self.full_dispatch_request()
  File "/usr/local/lib/python3.8/site-packages/flask/app.py", line 1760, in full_dispatch_request
    rv = self.handle_user_exception(e)
  File "/usr/local/lib/python3.8/site-packages/flask/app.py", line 1758, in full_dispatch_request
    rv = self.dispatch_request()
  File "/usr/local/lib/python3.8/site-packages/flask/app.py", line 1734, in dispatch_request
    return self.ensure_sync(self.view_functions[rule.endpoint])(**view_args)
  File "/app/rutas_inicio.py", line 41, in registro
    respuesta,code= controlador_usuarios.alta_usuario(username,password,profile)
TypeError: alta_usuario() missing 1 required positional argument: 'correo'
[2025-04-01 09:07:10,895] ERROR in app: An exception occurred during a request.
Traceback (most recent call last):
  File "/usr/local/lib/python3.8/site-packages/flask/app.py", line 2463, in wsgi_app
    response = self.full_dispatch_request()
  File "/usr/local/lib/python3.8/site-packages/flask/app.py", line 1760, in full_dispatch_request
    rv = self.handle_user_exception(e)
  File "/usr/local/lib/python3.8/site-packages/flask/app.py", line 1758, in full_dispatch_request
    rv = self.dispatch_request()
  File "/usr/local/lib/python3.8/site-packages/flask/app.py", line 1734, in dispatch_request
    return self.ensure_sync(self.view_functions[rule.endpoint])(**view_args)
  File "/app/rutas_inicio.py", line 41, in registro
    respuesta,code= controlador_usuarios.alta_usuario(username,password,profile)
TypeError: alta_usuario() missing 1 required positional argument: 'correo'
[2025-04-01 09:07:10,895] INFO in app: path: /registro | method: POST | status: 500 INTERNAL SERVER ERROR | size: 21 >>> 172.25.0.6
[2025-04-01 09:07:10,896] INFO in _internal: 172.25.0.6 - - [01/Apr/2025 09:07:10] "[35m[1mPOST /registro HTTP/1.1[0m" 500 -
[2025-04-01 09:07:11,061] ERROR in app: Exception on /registro [POST]
Traceback (most recent call last):
  File "/usr/local/lib/python3.8/site-packages/flask/app.py", line 2463, in wsgi_app
    response = self.full_dispatch_request()
  File "/usr/local/lib/python3.8/site-packages/flask/app.py", line 1760, in full_dispatch_request
    rv = self.handle_user_exception(e)
  File "/usr/local/lib/python3.8/site-packages/flask/app.py", line 1758, in full_dispatch_request
    rv = self.dispatch_request()
  File "/usr/local/lib/python3.8/site-packages/flask/app.py", line 1734, in dispatch_request
    return self.ensure_sync(self.view_functions[rule.endpoint])(**view_args)
  File "/app/rutas_inicio.py", line 41, in registro
    respuesta,code= controlador_usuarios.alta_usuario(username,password,profile)
TypeError: alta_usuario() missing 1 required positional argument: 'correo'
[2025-04-01 09:07:11,063] ERROR in app: An exception occurred during a request.
Traceback (most recent call last):
  File "/usr/local/lib/python3.8/site-packages/flask/app.py", line 2463, in wsgi_app
    response = self.full_dispatch_request()
  File "/usr/local/lib/python3.8/site-packages/flask/app.py", line 1760, in full_dispatch_request
    rv = self.handle_user_exception(e)
  File "/usr/local/lib/python3.8/site-packages/flask/app.py", line 1758, in full_dispatch_request
    rv = self.dispatch_request()
  File "/usr/local/lib/python3.8/site-packages/flask/app.py", line 1734, in dispatch_request
    return self.ensure_sync(self.view_functions[rule.endpoint])(**view_args)
  File "/app/rutas_inicio.py", line 41, in registro
    respuesta,code= controlador_usuarios.alta_usuario(username,password,profile)
TypeError: alta_usuario() missing 1 required positional argument: 'correo'
[2025-04-01 09:07:11,064] INFO in app: path: /registro | method: POST | status: 500 INTERNAL SERVER ERROR | size: 21 >>> 172.25.0.6
[2025-04-01 09:07:11,064] INFO in _internal: 172.25.0.6 - - [01/Apr/2025 09:07:11] "[35m[1mPOST /registro HTTP/1.1[0m" 500 -
[2025-04-01 09:07:11,241] ERROR in app: Exception on /registro [POST]
Traceback (most recent call last):
  File "/usr/local/lib/python3.8/site-packages/flask/app.py", line 2463, in wsgi_app
    response = self.full_dispatch_request()
  File "/usr/local/lib/python3.8/site-packages/flask/app.py", line 1760, in full_dispatch_request
    rv = self.handle_user_exception(e)
  File "/usr/local/lib/python3.8/site-packages/flask/app.py", line 1758, in full_dispatch_request
    rv = self.dispatch_request()
  File "/usr/local/lib/python3.8/site-packages/flask/app.py", line 1734, in dispatch_request
    return self.ensure_sync(self.view_functions[rule.endpoint])(**view_args)
  File "/app/rutas_inicio.py", line 41, in registro
    respuesta,code= controlador_usuarios.alta_usuario(username,password,profile)
TypeError: alta_usuario() missing 1 required positional argument: 'correo'
[2025-04-01 09:07:11,241] ERROR in app: An exception occurred during a request.
Traceback (most recent call last):
  File "/usr/local/lib/python3.8/site-packages/flask/app.py", line 2463, in wsgi_app
    response = self.full_dispatch_request()
  File "/usr/local/lib/python3.8/site-packages/flask/app.py", line 1760, in full_dispatch_request
    rv = self.handle_user_exception(e)
  File "/usr/local/lib/python3.8/site-packages/flask/app.py", line 1758, in full_dispatch_request
    rv = self.dispatch_request()
  File "/usr/local/lib/python3.8/site-packages/flask/app.py", line 1734, in dispatch_request
    return self.ensure_sync(self.view_functions[rule.endpoint])(**view_args)
  File "/app/rutas_inicio.py", line 41, in registro
    respuesta,code= controlador_usuarios.alta_usuario(username,password,profile)
TypeError: alta_usuario() missing 1 required positional argument: 'correo'
[2025-04-01 09:07:11,241] INFO in app: path: /registro | method: POST | status: 500 INTERNAL SERVER ERROR | size: 21 >>> 172.25.0.6
[2025-04-01 09:07:11,242] INFO in _internal: 172.25.0.6 - - [01/Apr/2025 09:07:11] "[35m[1mPOST /registro HTTP/1.1[0m" 500 -
[2025-04-01 09:07:11,414] ERROR in app: Exception on /registro [POST]
Traceback (most recent call last):
  File "/usr/local/lib/python3.8/site-packages/flask/app.py", line 2463, in wsgi_app
    response = self.full_dispatch_request()
  File "/usr/local/lib/python3.8/site-packages/flask/app.py", line 1760, in full_dispatch_request
    rv = self.handle_user_exception(e)
  File "/usr/local/lib/python3.8/site-packages/flask/app.py", line 1758, in full_dispatch_request
    rv = self.dispatch_request()
  File "/usr/local/lib/python3.8/site-packages/flask/app.py", line 1734, in dispatch_request
    return self.ensure_sync(self.view_functions[rule.endpoint])(**view_args)
  File "/app/rutas_inicio.py", line 41, in registro
    respuesta,code= controlador_usuarios.alta_usuario(username,password,profile)
TypeError: alta_usuario() missing 1 required positional argument: 'correo'
[2025-04-01 09:07:11,414] ERROR in app: An exception occurred during a request.
Traceback (most recent call last):
  File "/usr/local/lib/python3.8/site-packages/flask/app.py", line 2463, in wsgi_app
    response = self.full_dispatch_request()
  File "/usr/local/lib/python3.8/site-packages/flask/app.py", line 1760, in full_dispatch_request
    rv = self.handle_user_exception(e)
  File "/usr/local/lib/python3.8/site-packages/flask/app.py", line 1758, in full_dispatch_request
    rv = self.dispatch_request()
  File "/usr/local/lib/python3.8/site-packages/flask/app.py", line 1734, in dispatch_request
    return self.ensure_sync(self.view_functions[rule.endpoint])(**view_args)
  File "/app/rutas_inicio.py", line 41, in registro
    respuesta,code= controlador_usuarios.alta_usuario(username,password,profile)
TypeError: alta_usuario() missing 1 required positional argument: 'correo'
[2025-04-01 09:07:11,415] INFO in app: path: /registro | method: POST | status: 500 INTERNAL SERVER ERROR | size: 21 >>> 172.25.0.6
[2025-04-01 09:07:11,416] INFO in _internal: 172.25.0.6 - - [01/Apr/2025 09:07:11] "[35m[1mPOST /registro HTTP/1.1[0m" 500 -
[2025-04-01 09:07:20,438] INFO in controlador_usuarios: Acceso usuario root correcto
[2025-04-01 09:07:20,439] INFO in app: path: /login | method: POST | status: 200 OK | size: 144 >>> 172.25.0.6
[2025-04-01 09:07:20,440] INFO in _internal: 172.25.0.6 - - [01/Apr/2025 09:07:20] "POST /login HTTP/1.1" 200 -
[2025-04-01 09:07:22,918] INFO in app: path: /logout | method: GET | status: 200 OK | size: 16 >>> 172.25.0.6
[2025-04-01 09:07:22,919] INFO in _internal: 172.25.0.6 - - [01/Apr/2025 09:07:22] "GET /logout HTTP/1.1" 200 -
[2025-04-01 09:07:58,486] INFO in app: path: /logout | method: GET | status: 200 OK | size: 16 >>> 172.25.0.6
[2025-04-01 09:07:58,487] INFO in _internal: 172.25.0.6 - - [01/Apr/2025 09:07:58] "GET /logout HTTP/1.1" 200 -
[2025-04-01 09:08:04,104] INFO in controlador_usuarios: Acceso usuario root correcto
[2025-04-01 09:08:04,105] INFO in app: path: /login | method: POST | status: 200 OK | size: 144 >>> 172.25.0.6
[2025-04-01 09:08:04,105] INFO in _internal: 172.25.0.6 - - [01/Apr/2025 09:08:04] "POST /login HTTP/1.1" 200 -
[2025-04-01 09:08:06,601] INFO in app: path: /logout | method: GET | status: 200 OK | size: 16 >>> 172.25.0.6
[2025-04-01 09:08:06,602] INFO in _internal: 172.25.0.6 - - [01/Apr/2025 09:08:06] "GET /logout HTTP/1.1" 200 -
[2025-04-01 09:08:17,396] INFO in app: path: /salas | method: POST | status: 400 BAD REQUEST | size: 125 >>> 172.25.0.6
[2025-04-01 09:08:17,397] INFO in _internal: 172.25.0.6 - - [01/Apr/2025 09:08:17] "[31m[1mPOST /salas HTTP/1.1[0m" 400 -
[2025-04-01 09:08:21,444] INFO in app: path: /logout | method: GET | status: 200 OK | size: 16 >>> 172.25.0.6
[2025-04-01 09:08:21,445] INFO in _internal: 172.25.0.6 - - [01/Apr/2025 09:08:21] "GET /logout HTTP/1.1" 200 -
[2025-04-01 09:08:28,976] ERROR in app: Exception on /registro [POST]
Traceback (most recent call last):
  File "/usr/local/lib/python3.8/site-packages/flask/app.py", line 2463, in wsgi_app
    response = self.full_dispatch_request()
  File "/usr/local/lib/python3.8/site-packages/flask/app.py", line 1760, in full_dispatch_request
    rv = self.handle_user_exception(e)
  File "/usr/local/lib/python3.8/site-packages/flask/app.py", line 1758, in full_dispatch_request
    rv = self.dispatch_request()
  File "/usr/local/lib/python3.8/site-packages/flask/app.py", line 1734, in dispatch_request
    return self.ensure_sync(self.view_functions[rule.endpoint])(**view_args)
  File "/app/rutas_inicio.py", line 41, in registro
    respuesta,code= controlador_usuarios.alta_usuario(username,password,profile)
TypeError: alta_usuario() missing 1 required positional argument: 'correo'
[2025-04-01 09:08:28,976] ERROR in app: An exception occurred during a request.
Traceback (most recent call last):
  File "/usr/local/lib/python3.8/site-packages/flask/app.py", line 2463, in wsgi_app
    response = self.full_dispatch_request()
  File "/usr/local/lib/python3.8/site-packages/flask/app.py", line 1760, in full_dispatch_request
    rv = self.handle_user_exception(e)
  File "/usr/local/lib/python3.8/site-packages/flask/app.py", line 1758, in full_dispatch_request
    rv = self.dispatch_request()
  File "/usr/local/lib/python3.8/site-packages/flask/app.py", line 1734, in dispatch_request
    return self.ensure_sync(self.view_functions[rule.endpoint])(**view_args)
  File "/app/rutas_inicio.py", line 41, in registro
    respuesta,code= controlador_usuarios.alta_usuario(username,password,profile)
TypeError: alta_usuario() missing 1 required positional argument: 'correo'
[2025-04-01 09:08:28,978] INFO in app: path: /registro | method: POST | status: 500 INTERNAL SERVER ERROR | size: 21 >>> 172.25.0.6
[2025-04-01 09:08:28,979] INFO in _internal: 172.25.0.6 - - [01/Apr/2025 09:08:28] "[35m[1mPOST /registro HTTP/1.1[0m" 500 -
[2025-04-01 09:08:29,277] ERROR in app: Exception on /registro [POST]
Traceback (most recent call last):
  File "/usr/local/lib/python3.8/site-packages/flask/app.py", line 2463, in wsgi_app
    response = self.full_dispatch_request()
  File "/usr/local/lib/python3.8/site-packages/flask/app.py", line 1760, in full_dispatch_request
    rv = self.handle_user_exception(e)
  File "/usr/local/lib/python3.8/site-packages/flask/app.py", line 1758, in full_dispatch_request
    rv = self.dispatch_request()
  File "/usr/local/lib/python3.8/site-packages/flask/app.py", line 1734, in dispatch_request
    return self.ensure_sync(self.view_functions[rule.endpoint])(**view_args)
  File "/app/rutas_inicio.py", line 41, in registro
    respuesta,code= controlador_usuarios.alta_usuario(username,password,profile)
TypeError: alta_usuario() missing 1 required positional argument: 'correo'
[2025-04-01 09:08:29,278] ERROR in app: An exception occurred during a request.
Traceback (most recent call last):
  File "/usr/local/lib/python3.8/site-packages/flask/app.py", line 2463, in wsgi_app
    response = self.full_dispatch_request()
  File "/usr/local/lib/python3.8/site-packages/flask/app.py", line 1760, in full_dispatch_request
    rv = self.handle_user_exception(e)
  File "/usr/local/lib/python3.8/site-packages/flask/app.py", line 1758, in full_dispatch_request
    rv = self.dispatch_request()
  File "/usr/local/lib/python3.8/site-packages/flask/app.py", line 1734, in dispatch_request
    return self.ensure_sync(self.view_functions[rule.endpoint])(**view_args)
  File "/app/rutas_inicio.py", line 41, in registro
    respuesta,code= controlador_usuarios.alta_usuario(username,password,profile)
TypeError: alta_usuario() missing 1 required positional argument: 'correo'
[2025-04-01 09:08:29,279] INFO in app: path: /registro | method: POST | status: 500 INTERNAL SERVER ERROR | size: 21 >>> 172.25.0.6
[2025-04-01 09:08:29,279] INFO in _internal: 172.25.0.6 - - [01/Apr/2025 09:08:29] "[35m[1mPOST /registro HTTP/1.1[0m" 500 -
[2025-04-01 09:08:29,452] ERROR in app: Exception on /registro [POST]
Traceback (most recent call last):
  File "/usr/local/lib/python3.8/site-packages/flask/app.py", line 2463, in wsgi_app
    response = self.full_dispatch_request()
  File "/usr/local/lib/python3.8/site-packages/flask/app.py", line 1760, in full_dispatch_request
    rv = self.handle_user_exception(e)
  File "/usr/local/lib/python3.8/site-packages/flask/app.py", line 1758, in full_dispatch_request
    rv = self.dispatch_request()
  File "/usr/local/lib/python3.8/site-packages/flask/app.py", line 1734, in dispatch_request
    return self.ensure_sync(self.view_functions[rule.endpoint])(**view_args)
  File "/app/rutas_inicio.py", line 41, in registro
    respuesta,code= controlador_usuarios.alta_usuario(username,password,profile)
TypeError: alta_usuario() missing 1 required positional argument: 'correo'
[2025-04-01 09:08:29,453] ERROR in app: An exception occurred during a request.
Traceback (most recent call last):
  File "/usr/local/lib/python3.8/site-packages/flask/app.py", line 2463, in wsgi_app
    response = self.full_dispatch_request()
  File "/usr/local/lib/python3.8/site-packages/flask/app.py", line 1760, in full_dispatch_request
    rv = self.handle_user_exception(e)
  File "/usr/local/lib/python3.8/site-packages/flask/app.py", line 1758, in full_dispatch_request
    rv = self.dispatch_request()
  File "/usr/local/lib/python3.8/site-packages/flask/app.py", line 1734, in dispatch_request
    return self.ensure_sync(self.view_functions[rule.endpoint])(**view_args)
  File "/app/rutas_inicio.py", line 41, in registro
    respuesta,code= controlador_usuarios.alta_usuario(username,password,profile)
TypeError: alta_usuario() missing 1 required positional argument: 'correo'
[2025-04-01 09:08:29,454] INFO in app: path: /registro | method: POST | status: 500 INTERNAL SERVER ERROR | size: 21 >>> 172.25.0.6
[2025-04-01 09:08:29,454] INFO in _internal: 172.25.0.6 - - [01/Apr/2025 09:08:29] "[35m[1mPOST /registro HTTP/1.1[0m" 500 -
[2025-04-01 09:08:29,622] ERROR in app: Exception on /registro [POST]
Traceback (most recent call last):
  File "/usr/local/lib/python3.8/site-packages/flask/app.py", line 2463, in wsgi_app
    response = self.full_dispatch_request()
  File "/usr/local/lib/python3.8/site-packages/flask/app.py", line 1760, in full_dispatch_request
    rv = self.handle_user_exception(e)
  File "/usr/local/lib/python3.8/site-packages/flask/app.py", line 1758, in full_dispatch_request
    rv = self.dispatch_request()
  File "/usr/local/lib/python3.8/site-packages/flask/app.py", line 1734, in dispatch_request
    return self.ensure_sync(self.view_functions[rule.endpoint])(**view_args)
  File "/app/rutas_inicio.py", line 41, in registro
    respuesta,code= controlador_usuarios.alta_usuario(username,password,profile)
TypeError: alta_usuario() missing 1 required positional argument: 'correo'
[2025-04-01 09:08:29,622] ERROR in app: An exception occurred during a request.
Traceback (most recent call last):
  File "/usr/local/lib/python3.8/site-packages/flask/app.py", line 2463, in wsgi_app
    response = self.full_dispatch_request()
  File "/usr/local/lib/python3.8/site-packages/flask/app.py", line 1760, in full_dispatch_request
    rv = self.handle_user_exception(e)
  File "/usr/local/lib/python3.8/site-packages/flask/app.py", line 1758, in full_dispatch_request
    rv = self.dispatch_request()
  File "/usr/local/lib/python3.8/site-packages/flask/app.py", line 1734, in dispatch_request
    return self.ensure_sync(self.view_functions[rule.endpoint])(**view_args)
  File "/app/rutas_inicio.py", line 41, in registro
    respuesta,code= controlador_usuarios.alta_usuario(username,password,profile)
TypeError: alta_usuario() missing 1 required positional argument: 'correo'
[2025-04-01 09:08:29,623] INFO in app: path: /registro | method: POST | status: 500 INTERNAL SERVER ERROR | size: 21 >>> 172.25.0.6
[2025-04-01 09:08:29,624] INFO in _internal: 172.25.0.6 - - [01/Apr/2025 09:08:29] "[35m[1mPOST /registro HTTP/1.1[0m" 500 -
[2025-04-01 09:08:29,797] ERROR in app: Exception on /registro [POST]
Traceback (most recent call last):
  File "/usr/local/lib/python3.8/site-packages/flask/app.py", line 2463, in wsgi_app
    response = self.full_dispatch_request()
  File "/usr/local/lib/python3.8/site-packages/flask/app.py", line 1760, in full_dispatch_request
    rv = self.handle_user_exception(e)
  File "/usr/local/lib/python3.8/site-packages/flask/app.py", line 1758, in full_dispatch_request
    rv = self.dispatch_request()
  File "/usr/local/lib/python3.8/site-packages/flask/app.py", line 1734, in dispatch_request
    return self.ensure_sync(self.view_functions[rule.endpoint])(**view_args)
  File "/app/rutas_inicio.py", line 41, in registro
    respuesta,code= controlador_usuarios.alta_usuario(username,password,profile)
TypeError: alta_usuario() missing 1 required positional argument: 'correo'
[2025-04-01 09:08:29,797] ERROR in app: An exception occurred during a request.
Traceback (most recent call last):
  File "/usr/local/lib/python3.8/site-packages/flask/app.py", line 2463, in wsgi_app
    response = self.full_dispatch_request()
  File "/usr/local/lib/python3.8/site-packages/flask/app.py", line 1760, in full_dispatch_request
    rv = self.handle_user_exception(e)
  File "/usr/local/lib/python3.8/site-packages/flask/app.py", line 1758, in full_dispatch_request
    rv = self.dispatch_request()
  File "/usr/local/lib/python3.8/site-packages/flask/app.py", line 1734, in dispatch_request
    return self.ensure_sync(self.view_functions[rule.endpoint])(**view_args)
  File "/app/rutas_inicio.py", line 41, in registro
    respuesta,code= controlador_usuarios.alta_usuario(username,password,profile)
TypeError: alta_usuario() missing 1 required positional argument: 'correo'
[2025-04-01 09:08:29,798] INFO in app: path: /registro | method: POST | status: 500 INTERNAL SERVER ERROR | size: 21 >>> 172.25.0.6
[2025-04-01 09:08:29,799] INFO in _internal: 172.25.0.6 - - [01/Apr/2025 09:08:29] "[35m[1mPOST /registro HTTP/1.1[0m" 500 -
[2025-04-01 09:39:22,787] ERROR in app: Exception on /registro [POST]
Traceback (most recent call last):
  File "/usr/local/lib/python3.8/site-packages/flask/app.py", line 2463, in wsgi_app
    response = self.full_dispatch_request()
  File "/usr/local/lib/python3.8/site-packages/flask/app.py", line 1760, in full_dispatch_request
    rv = self.handle_user_exception(e)
  File "/usr/local/lib/python3.8/site-packages/flask/app.py", line 1758, in full_dispatch_request
    rv = self.dispatch_request()
  File "/usr/local/lib/python3.8/site-packages/flask/app.py", line 1734, in dispatch_request
    return self.ensure_sync(self.view_functions[rule.endpoint])(**view_args)
  File "/app/rutas_inicio.py", line 41, in registro
    respuesta,code= controlador_usuarios.alta_usuario(username,password,profile)
TypeError: alta_usuario() missing 1 required positional argument: 'correo'
[2025-04-01 09:39:22,788] ERROR in app: An exception occurred during a request.
Traceback (most recent call last):
  File "/usr/local/lib/python3.8/site-packages/flask/app.py", line 2463, in wsgi_app
    response = self.full_dispatch_request()
  File "/usr/local/lib/python3.8/site-packages/flask/app.py", line 1760, in full_dispatch_request
    rv = self.handle_user_exception(e)
  File "/usr/local/lib/python3.8/site-packages/flask/app.py", line 1758, in full_dispatch_request
    rv = self.dispatch_request()
  File "/usr/local/lib/python3.8/site-packages/flask/app.py", line 1734, in dispatch_request
    return self.ensure_sync(self.view_functions[rule.endpoint])(**view_args)
  File "/app/rutas_inicio.py", line 41, in registro
    respuesta,code= controlador_usuarios.alta_usuario(username,password,profile)
TypeError: alta_usuario() missing 1 required positional argument: 'correo'
[2025-04-01 09:39:22,788] INFO in app: path: /registro | method: POST | status: 500 INTERNAL SERVER ERROR | size: 21 >>> 172.25.0.6
[2025-04-01 09:39:22,789] INFO in _internal: 172.25.0.6 - - [01/Apr/2025 09:39:22] "[35m[1mPOST /registro HTTP/1.1[0m" 500 -
[2025-04-01 09:39:23,250] ERROR in app: Exception on /registro [POST]
Traceback (most recent call last):
  File "/usr/local/lib/python3.8/site-packages/flask/app.py", line 2463, in wsgi_app
    response = self.full_dispatch_request()
  File "/usr/local/lib/python3.8/site-packages/flask/app.py", line 1760, in full_dispatch_request
    rv = self.handle_user_exception(e)
  File "/usr/local/lib/python3.8/site-packages/flask/app.py", line 1758, in full_dispatch_request
    rv = self.dispatch_request()
  File "/usr/local/lib/python3.8/site-packages/flask/app.py", line 1734, in dispatch_request
    return self.ensure_sync(self.view_functions[rule.endpoint])(**view_args)
  File "/app/rutas_inicio.py", line 41, in registro
    respuesta,code= controlador_usuarios.alta_usuario(username,password,profile)
TypeError: alta_usuario() missing 1 required positional argument: 'correo'
[2025-04-01 09:39:23,251] ERROR in app: An exception occurred during a request.
Traceback (most recent call last):
  File "/usr/local/lib/python3.8/site-packages/flask/app.py", line 2463, in wsgi_app
    response = self.full_dispatch_request()
  File "/usr/local/lib/python3.8/site-packages/flask/app.py", line 1760, in full_dispatch_request
    rv = self.handle_user_exception(e)
  File "/usr/local/lib/python3.8/site-packages/flask/app.py", line 1758, in full_dispatch_request
    rv = self.dispatch_request()
  File "/usr/local/lib/python3.8/site-packages/flask/app.py", line 1734, in dispatch_request
    return self.ensure_sync(self.view_functions[rule.endpoint])(**view_args)
  File "/app/rutas_inicio.py", line 41, in registro
    respuesta,code= controlador_usuarios.alta_usuario(username,password,profile)
TypeError: alta_usuario() missing 1 required positional argument: 'correo'
[2025-04-01 09:39:23,252] INFO in app: path: /registro | method: POST | status: 500 INTERNAL SERVER ERROR | size: 21 >>> 172.25.0.6
[2025-04-01 09:39:23,253] INFO in _internal: 172.25.0.6 - - [01/Apr/2025 09:39:23] "[35m[1mPOST /registro HTTP/1.1[0m" 500 -
[2025-04-01 09:39:23,466] ERROR in app: Exception on /registro [POST]
Traceback (most recent call last):
  File "/usr/local/lib/python3.8/site-packages/flask/app.py", line 2463, in wsgi_app
    response = self.full_dispatch_request()
  File "/usr/local/lib/python3.8/site-packages/flask/app.py", line 1760, in full_dispatch_request
    rv = self.handle_user_exception(e)
  File "/usr/local/lib/python3.8/site-packages/flask/app.py", line 1758, in full_dispatch_request
    rv = self.dispatch_request()
  File "/usr/local/lib/python3.8/site-packages/flask/app.py", line 1734, in dispatch_request
    return self.ensure_sync(self.view_functions[rule.endpoint])(**view_args)
  File "/app/rutas_inicio.py", line 41, in registro
    respuesta,code= controlador_usuarios.alta_usuario(username,password,profile)
TypeError: alta_usuario() missing 1 required positional argument: 'correo'
[2025-04-01 09:39:23,467] ERROR in app: An exception occurred during a request.
Traceback (most recent call last):
  File "/usr/local/lib/python3.8/site-packages/flask/app.py", line 2463, in wsgi_app
    response = self.full_dispatch_request()
  File "/usr/local/lib/python3.8/site-packages/flask/app.py", line 1760, in full_dispatch_request
    rv = self.handle_user_exception(e)
  File "/usr/local/lib/python3.8/site-packages/flask/app.py", line 1758, in full_dispatch_request
    rv = self.dispatch_request()
  File "/usr/local/lib/python3.8/site-packages/flask/app.py", line 1734, in dispatch_request
    return self.ensure_sync(self.view_functions[rule.endpoint])(**view_args)
  File "/app/rutas_inicio.py", line 41, in registro
    respuesta,code= controlador_usuarios.alta_usuario(username,password,profile)
TypeError: alta_usuario() missing 1 required positional argument: 'correo'
[2025-04-01 09:39:23,468] INFO in app: path: /registro | method: POST | status: 500 INTERNAL SERVER ERROR | size: 21 >>> 172.25.0.6
[2025-04-01 09:39:23,468] INFO in _internal: 172.25.0.6 - - [01/Apr/2025 09:39:23] "[35m[1mPOST /registro HTTP/1.1[0m" 500 -
[2025-04-01 09:39:23,642] ERROR in app: Exception on /registro [POST]
Traceback (most recent call last):
  File "/usr/local/lib/python3.8/site-packages/flask/app.py", line 2463, in wsgi_app
    response = self.full_dispatch_request()
  File "/usr/local/lib/python3.8/site-packages/flask/app.py", line 1760, in full_dispatch_request
    rv = self.handle_user_exception(e)
  File "/usr/local/lib/python3.8/site-packages/flask/app.py", line 1758, in full_dispatch_request
    rv = self.dispatch_request()
  File "/usr/local/lib/python3.8/site-packages/flask/app.py", line 1734, in dispatch_request
    return self.ensure_sync(self.view_functions[rule.endpoint])(**view_args)
  File "/app/rutas_inicio.py", line 41, in registro
    respuesta,code= controlador_usuarios.alta_usuario(username,password,profile)
TypeError: alta_usuario() missing 1 required positional argument: 'correo'
[2025-04-01 09:39:23,643] ERROR in app: An exception occurred during a request.
Traceback (most recent call last):
  File "/usr/local/lib/python3.8/site-packages/flask/app.py", line 2463, in wsgi_app
    response = self.full_dispatch_request()
  File "/usr/local/lib/python3.8/site-packages/flask/app.py", line 1760, in full_dispatch_request
    rv = self.handle_user_exception(e)
  File "/usr/local/lib/python3.8/site-packages/flask/app.py", line 1758, in full_dispatch_request
    rv = self.dispatch_request()
  File "/usr/local/lib/python3.8/site-packages/flask/app.py", line 1734, in dispatch_request
    return self.ensure_sync(self.view_functions[rule.endpoint])(**view_args)
  File "/app/rutas_inicio.py", line 41, in registro
    respuesta,code= controlador_usuarios.alta_usuario(username,password,profile)
TypeError: alta_usuario() missing 1 required positional argument: 'correo'
[2025-04-01 09:39:23,644] INFO in app: path: /registro | method: POST | status: 500 INTERNAL SERVER ERROR | size: 21 >>> 172.25.0.6
[2025-04-01 09:39:23,644] INFO in _internal: 172.25.0.6 - - [01/Apr/2025 09:39:23] "[35m[1mPOST /registro HTTP/1.1[0m" 500 -
[2025-04-01 09:39:28,999] INFO in controlador_usuarios: Acceso usuario root incorrecto
[2025-04-01 09:39:29,002] INFO in app: path: /login | method: POST | status: 200 OK | size: 55 >>> 172.25.0.6
[2025-04-01 09:39:29,002] INFO in _internal: 172.25.0.6 - - [01/Apr/2025 09:39:29] "POST /login HTTP/1.1" 200 -
[2025-04-01 09:39:31,104] INFO in controlador_usuarios: Acceso usuario root incorrecto
[2025-04-01 09:39:31,105] INFO in app: path: /login | method: POST | status: 200 OK | size: 55 >>> 172.25.0.6
[2025-04-01 09:39:31,105] INFO in _internal: 172.25.0.6 - - [01/Apr/2025 09:39:31] "POST /login HTTP/1.1" 200 -
[2025-04-01 09:39:41,356] INFO in controlador_usuarios: Acceso usuario root correcto
[2025-04-01 09:39:41,358] INFO in app: path: /login | method: POST | status: 200 OK | size: 144 >>> 172.25.0.6
[2025-04-01 09:39:41,359] INFO in _internal: 172.25.0.6 - - [01/Apr/2025 09:39:41] "POST /login HTTP/1.1" 200 -
[2025-04-01 09:45:35,857] INFO in app: path: /logout | method: GET | status: 200 OK | size: 16 >>> 172.25.0.6
[2025-04-01 09:45:35,858] INFO in _internal: 172.25.0.6 - - [01/Apr/2025 09:45:35] "GET /logout HTTP/1.1" 200 -
[2025-04-01 09:45:46,601] INFO in controlador_usuarios: Acceso usuario root correcto
[2025-04-01 09:45:46,602] INFO in app: path: /login | method: POST | status: 200 OK | size: 144 >>> 172.25.0.6
[2025-04-01 09:45:46,602] INFO in _internal: 172.25.0.6 - - [01/Apr/2025 09:45:46] "POST /login HTTP/1.1" 200 -
[2025-04-01 09:46:48,089] INFO in app: path: /logout | method: GET | status: 200 OK | size: 16 >>> 172.25.0.6
[2025-04-01 09:46:48,090] INFO in _internal: 172.25.0.6 - - [01/Apr/2025 09:46:48] "GET /logout HTTP/1.1" 200 -
[2025-04-01 09:47:03,538] ERROR in app: Exception on /registro [POST]
Traceback (most recent call last):
  File "/usr/local/lib/python3.8/site-packages/flask/app.py", line 2463, in wsgi_app
    response = self.full_dispatch_request()
  File "/usr/local/lib/python3.8/site-packages/flask/app.py", line 1760, in full_dispatch_request
    rv = self.handle_user_exception(e)
  File "/usr/local/lib/python3.8/site-packages/flask/app.py", line 1758, in full_dispatch_request
    rv = self.dispatch_request()
  File "/usr/local/lib/python3.8/site-packages/flask/app.py", line 1734, in dispatch_request
    return self.ensure_sync(self.view_functions[rule.endpoint])(**view_args)
  File "/app/rutas_inicio.py", line 41, in registro
    respuesta,code= controlador_usuarios.alta_usuario(username,password,profile)
TypeError: alta_usuario() missing 1 required positional argument: 'correo'
[2025-04-01 09:47:03,539] ERROR in app: An exception occurred during a request.
Traceback (most recent call last):
  File "/usr/local/lib/python3.8/site-packages/flask/app.py", line 2463, in wsgi_app
    response = self.full_dispatch_request()
  File "/usr/local/lib/python3.8/site-packages/flask/app.py", line 1760, in full_dispatch_request
    rv = self.handle_user_exception(e)
  File "/usr/local/lib/python3.8/site-packages/flask/app.py", line 1758, in full_dispatch_request
    rv = self.dispatch_request()
  File "/usr/local/lib/python3.8/site-packages/flask/app.py", line 1734, in dispatch_request
    return self.ensure_sync(self.view_functions[rule.endpoint])(**view_args)
  File "/app/rutas_inicio.py", line 41, in registro
    respuesta,code= controlador_usuarios.alta_usuario(username,password,profile)
TypeError: alta_usuario() missing 1 required positional argument: 'correo'
[2025-04-01 09:47:03,540] INFO in app: path: /registro | method: POST | status: 500 INTERNAL SERVER ERROR | size: 21 >>> 172.25.0.6
[2025-04-01 09:47:03,540] INFO in _internal: 172.25.0.6 - - [01/Apr/2025 09:47:03] "[35m[1mPOST /registro HTTP/1.1[0m" 500 -
[2025-04-01 09:47:04,024] ERROR in app: Exception on /registro [POST]
Traceback (most recent call last):
  File "/usr/local/lib/python3.8/site-packages/flask/app.py", line 2463, in wsgi_app
    response = self.full_dispatch_request()
  File "/usr/local/lib/python3.8/site-packages/flask/app.py", line 1760, in full_dispatch_request
    rv = self.handle_user_exception(e)
  File "/usr/local/lib/python3.8/site-packages/flask/app.py", line 1758, in full_dispatch_request
    rv = self.dispatch_request()
  File "/usr/local/lib/python3.8/site-packages/flask/app.py", line 1734, in dispatch_request
    return self.ensure_sync(self.view_functions[rule.endpoint])(**view_args)
  File "/app/rutas_inicio.py", line 41, in registro
    respuesta,code= controlador_usuarios.alta_usuario(username,password,profile)
TypeError: alta_usuario() missing 1 required positional argument: 'correo'
[2025-04-01 09:47:04,025] ERROR in app: An exception occurred during a request.
Traceback (most recent call last):
  File "/usr/local/lib/python3.8/site-packages/flask/app.py", line 2463, in wsgi_app
    response = self.full_dispatch_request()
  File "/usr/local/lib/python3.8/site-packages/flask/app.py", line 1760, in full_dispatch_request
    rv = self.handle_user_exception(e)
  File "/usr/local/lib/python3.8/site-packages/flask/app.py", line 1758, in full_dispatch_request
    rv = self.dispatch_request()
  File "/usr/local/lib/python3.8/site-packages/flask/app.py", line 1734, in dispatch_request
    return self.ensure_sync(self.view_functions[rule.endpoint])(**view_args)
  File "/app/rutas_inicio.py", line 41, in registro
    respuesta,code= controlador_usuarios.alta_usuario(username,password,profile)
TypeError: alta_usuario() missing 1 required positional argument: 'correo'
[2025-04-01 09:47:04,025] INFO in app: path: /registro | method: POST | status: 500 INTERNAL SERVER ERROR | size: 21 >>> 172.25.0.6
[2025-04-01 09:47:04,026] INFO in _internal: 172.25.0.6 - - [01/Apr/2025 09:47:04] "[35m[1mPOST /registro HTTP/1.1[0m" 500 -
[2025-04-01 09:47:04,232] ERROR in app: Exception on /registro [POST]
Traceback (most recent call last):
  File "/usr/local/lib/python3.8/site-packages/flask/app.py", line 2463, in wsgi_app
    response = self.full_dispatch_request()
  File "/usr/local/lib/python3.8/site-packages/flask/app.py", line 1760, in full_dispatch_request
    rv = self.handle_user_exception(e)
  File "/usr/local/lib/python3.8/site-packages/flask/app.py", line 1758, in full_dispatch_request
    rv = self.dispatch_request()
  File "/usr/local/lib/python3.8/site-packages/flask/app.py", line 1734, in dispatch_request
    return self.ensure_sync(self.view_functions[rule.endpoint])(**view_args)
  File "/app/rutas_inicio.py", line 41, in registro
    respuesta,code= controlador_usuarios.alta_usuario(username,password,profile)
TypeError: alta_usuario() missing 1 required positional argument: 'correo'
[2025-04-01 09:47:04,233] ERROR in app: An exception occurred during a request.
Traceback (most recent call last):
  File "/usr/local/lib/python3.8/site-packages/flask/app.py", line 2463, in wsgi_app
    response = self.full_dispatch_request()
  File "/usr/local/lib/python3.8/site-packages/flask/app.py", line 1760, in full_dispatch_request
    rv = self.handle_user_exception(e)
  File "/usr/local/lib/python3.8/site-packages/flask/app.py", line 1758, in full_dispatch_request
    rv = self.dispatch_request()
  File "/usr/local/lib/python3.8/site-packages/flask/app.py", line 1734, in dispatch_request
    return self.ensure_sync(self.view_functions[rule.endpoint])(**view_args)
  File "/app/rutas_inicio.py", line 41, in registro
    respuesta,code= controlador_usuarios.alta_usuario(username,password,profile)
TypeError: alta_usuario() missing 1 required positional argument: 'correo'
[2025-04-01 09:47:04,234] INFO in app: path: /registro | method: POST | status: 500 INTERNAL SERVER ERROR | size: 21 >>> 172.25.0.6
[2025-04-01 09:47:04,234] INFO in _internal: 172.25.0.6 - - [01/Apr/2025 09:47:04] "[35m[1mPOST /registro HTTP/1.1[0m" 500 -
[2025-04-01 09:47:04,415] ERROR in app: Exception on /registro [POST]
Traceback (most recent call last):
  File "/usr/local/lib/python3.8/site-packages/flask/app.py", line 2463, in wsgi_app
    response = self.full_dispatch_request()
  File "/usr/local/lib/python3.8/site-packages/flask/app.py", line 1760, in full_dispatch_request
    rv = self.handle_user_exception(e)
  File "/usr/local/lib/python3.8/site-packages/flask/app.py", line 1758, in full_dispatch_request
    rv = self.dispatch_request()
  File "/usr/local/lib/python3.8/site-packages/flask/app.py", line 1734, in dispatch_request
    return self.ensure_sync(self.view_functions[rule.endpoint])(**view_args)
  File "/app/rutas_inicio.py", line 41, in registro
    respuesta,code= controlador_usuarios.alta_usuario(username,password,profile)
TypeError: alta_usuario() missing 1 required positional argument: 'correo'
[2025-04-01 09:47:04,416] ERROR in app: An exception occurred during a request.
Traceback (most recent call last):
  File "/usr/local/lib/python3.8/site-packages/flask/app.py", line 2463, in wsgi_app
    response = self.full_dispatch_request()
  File "/usr/local/lib/python3.8/site-packages/flask/app.py", line 1760, in full_dispatch_request
    rv = self.handle_user_exception(e)
  File "/usr/local/lib/python3.8/site-packages/flask/app.py", line 1758, in full_dispatch_request
    rv = self.dispatch_request()
  File "/usr/local/lib/python3.8/site-packages/flask/app.py", line 1734, in dispatch_request
    return self.ensure_sync(self.view_functions[rule.endpoint])(**view_args)
  File "/app/rutas_inicio.py", line 41, in registro
    respuesta,code= controlador_usuarios.alta_usuario(username,password,profile)
TypeError: alta_usuario() missing 1 required positional argument: 'correo'
[2025-04-01 09:47:04,417] INFO in app: path: /registro | method: POST | status: 500 INTERNAL SERVER ERROR | size: 21 >>> 172.25.0.6
[2025-04-01 09:47:04,417] INFO in _internal: 172.25.0.6 - - [01/Apr/2025 09:47:04] "[35m[1mPOST /registro HTTP/1.1[0m" 500 -
[2025-04-01 09:47:10,519] ERROR in app: Exception on /registro [POST]
Traceback (most recent call last):
  File "/usr/local/lib/python3.8/site-packages/flask/app.py", line 2463, in wsgi_app
    response = self.full_dispatch_request()
  File "/usr/local/lib/python3.8/site-packages/flask/app.py", line 1760, in full_dispatch_request
    rv = self.handle_user_exception(e)
  File "/usr/local/lib/python3.8/site-packages/flask/app.py", line 1758, in full_dispatch_request
    rv = self.dispatch_request()
  File "/usr/local/lib/python3.8/site-packages/flask/app.py", line 1734, in dispatch_request
    return self.ensure_sync(self.view_functions[rule.endpoint])(**view_args)
  File "/app/rutas_inicio.py", line 41, in registro
    respuesta,code= controlador_usuarios.alta_usuario(username,password,profile)
TypeError: alta_usuario() missing 1 required positional argument: 'correo'
[2025-04-01 09:47:10,520] ERROR in app: An exception occurred during a request.
Traceback (most recent call last):
  File "/usr/local/lib/python3.8/site-packages/flask/app.py", line 2463, in wsgi_app
    response = self.full_dispatch_request()
  File "/usr/local/lib/python3.8/site-packages/flask/app.py", line 1760, in full_dispatch_request
    rv = self.handle_user_exception(e)
  File "/usr/local/lib/python3.8/site-packages/flask/app.py", line 1758, in full_dispatch_request
    rv = self.dispatch_request()
  File "/usr/local/lib/python3.8/site-packages/flask/app.py", line 1734, in dispatch_request
    return self.ensure_sync(self.view_functions[rule.endpoint])(**view_args)
  File "/app/rutas_inicio.py", line 41, in registro
    respuesta,code= controlador_usuarios.alta_usuario(username,password,profile)
TypeError: alta_usuario() missing 1 required positional argument: 'correo'
[2025-04-01 09:47:10,521] INFO in app: path: /registro | method: POST | status: 500 INTERNAL SERVER ERROR | size: 21 >>> 172.25.0.6
[2025-04-01 09:47:10,522] INFO in _internal: 172.25.0.6 - - [01/Apr/2025 09:47:10] "[35m[1mPOST /registro HTTP/1.1[0m" 500 -
[2025-04-01 09:47:10,743] ERROR in app: Exception on /registro [POST]
Traceback (most recent call last):
  File "/usr/local/lib/python3.8/site-packages/flask/app.py", line 2463, in wsgi_app
    response = self.full_dispatch_request()
  File "/usr/local/lib/python3.8/site-packages/flask/app.py", line 1760, in full_dispatch_request
    rv = self.handle_user_exception(e)
  File "/usr/local/lib/python3.8/site-packages/flask/app.py", line 1758, in full_dispatch_request
    rv = self.dispatch_request()
  File "/usr/local/lib/python3.8/site-packages/flask/app.py", line 1734, in dispatch_request
    return self.ensure_sync(self.view_functions[rule.endpoint])(**view_args)
  File "/app/rutas_inicio.py", line 41, in registro
    respuesta,code= controlador_usuarios.alta_usuario(username,password,profile)
TypeError: alta_usuario() missing 1 required positional argument: 'correo'
[2025-04-01 09:47:10,744] ERROR in app: An exception occurred during a request.
Traceback (most recent call last):
  File "/usr/local/lib/python3.8/site-packages/flask/app.py", line 2463, in wsgi_app
    response = self.full_dispatch_request()
  File "/usr/local/lib/python3.8/site-packages/flask/app.py", line 1760, in full_dispatch_request
    rv = self.handle_user_exception(e)
  File "/usr/local/lib/python3.8/site-packages/flask/app.py", line 1758, in full_dispatch_request
    rv = self.dispatch_request()
  File "/usr/local/lib/python3.8/site-packages/flask/app.py", line 1734, in dispatch_request
    return self.ensure_sync(self.view_functions[rule.endpoint])(**view_args)
  File "/app/rutas_inicio.py", line 41, in registro
    respuesta,code= controlador_usuarios.alta_usuario(username,password,profile)
TypeError: alta_usuario() missing 1 required positional argument: 'correo'
[2025-04-01 09:47:10,744] INFO in app: path: /registro | method: POST | status: 500 INTERNAL SERVER ERROR | size: 21 >>> 172.25.0.6
[2025-04-01 09:47:10,745] INFO in _internal: 172.25.0.6 - - [01/Apr/2025 09:47:10] "[35m[1mPOST /registro HTTP/1.1[0m" 500 -
[2025-04-01 09:47:10,935] ERROR in app: Exception on /registro [POST]
Traceback (most recent call last):
  File "/usr/local/lib/python3.8/site-packages/flask/app.py", line 2463, in wsgi_app
    response = self.full_dispatch_request()
  File "/usr/local/lib/python3.8/site-packages/flask/app.py", line 1760, in full_dispatch_request
    rv = self.handle_user_exception(e)
  File "/usr/local/lib/python3.8/site-packages/flask/app.py", line 1758, in full_dispatch_request
    rv = self.dispatch_request()
  File "/usr/local/lib/python3.8/site-packages/flask/app.py", line 1734, in dispatch_request
    return self.ensure_sync(self.view_functions[rule.endpoint])(**view_args)
  File "/app/rutas_inicio.py", line 41, in registro
    respuesta,code= controlador_usuarios.alta_usuario(username,password,profile)
TypeError: alta_usuario() missing 1 required positional argument: 'correo'
[2025-04-01 09:47:10,936] ERROR in app: An exception occurred during a request.
Traceback (most recent call last):
  File "/usr/local/lib/python3.8/site-packages/flask/app.py", line 2463, in wsgi_app
    response = self.full_dispatch_request()
  File "/usr/local/lib/python3.8/site-packages/flask/app.py", line 1760, in full_dispatch_request
    rv = self.handle_user_exception(e)
  File "/usr/local/lib/python3.8/site-packages/flask/app.py", line 1758, in full_dispatch_request
    rv = self.dispatch_request()
  File "/usr/local/lib/python3.8/site-packages/flask/app.py", line 1734, in dispatch_request
    return self.ensure_sync(self.view_functions[rule.endpoint])(**view_args)
  File "/app/rutas_inicio.py", line 41, in registro
    respuesta,code= controlador_usuarios.alta_usuario(username,password,profile)
TypeError: alta_usuario() missing 1 required positional argument: 'correo'
[2025-04-01 09:47:10,938] INFO in app: path: /registro | method: POST | status: 500 INTERNAL SERVER ERROR | size: 21 >>> 172.25.0.6
[2025-04-01 09:47:10,938] INFO in _internal: 172.25.0.6 - - [01/Apr/2025 09:47:10] "[35m[1mPOST /registro HTTP/1.1[0m" 500 -
[2025-04-01 09:47:11,127] ERROR in app: Exception on /registro [POST]
Traceback (most recent call last):
  File "/usr/local/lib/python3.8/site-packages/flask/app.py", line 2463, in wsgi_app
    response = self.full_dispatch_request()
  File "/usr/local/lib/python3.8/site-packages/flask/app.py", line 1760, in full_dispatch_request
    rv = self.handle_user_exception(e)
  File "/usr/local/lib/python3.8/site-packages/flask/app.py", line 1758, in full_dispatch_request
    rv = self.dispatch_request()
  File "/usr/local/lib/python3.8/site-packages/flask/app.py", line 1734, in dispatch_request
    return self.ensure_sync(self.view_functions[rule.endpoint])(**view_args)
  File "/app/rutas_inicio.py", line 41, in registro
    respuesta,code= controlador_usuarios.alta_usuario(username,password,profile)
TypeError: alta_usuario() missing 1 required positional argument: 'correo'
[2025-04-01 09:47:11,128] ERROR in app: An exception occurred during a request.
Traceback (most recent call last):
  File "/usr/local/lib/python3.8/site-packages/flask/app.py", line 2463, in wsgi_app
    response = self.full_dispatch_request()
  File "/usr/local/lib/python3.8/site-packages/flask/app.py", line 1760, in full_dispatch_request
    rv = self.handle_user_exception(e)
  File "/usr/local/lib/python3.8/site-packages/flask/app.py", line 1758, in full_dispatch_request
    rv = self.dispatch_request()
  File "/usr/local/lib/python3.8/site-packages/flask/app.py", line 1734, in dispatch_request
    return self.ensure_sync(self.view_functions[rule.endpoint])(**view_args)
  File "/app/rutas_inicio.py", line 41, in registro
    respuesta,code= controlador_usuarios.alta_usuario(username,password,profile)
TypeError: alta_usuario() missing 1 required positional argument: 'correo'
[2025-04-01 09:47:11,128] INFO in app: path: /registro | method: POST | status: 500 INTERNAL SERVER ERROR | size: 21 >>> 172.25.0.6
[2025-04-01 09:47:11,129] INFO in _internal: 172.25.0.6 - - [01/Apr/2025 09:47:11] "[35m[1mPOST /registro HTTP/1.1[0m" 500 -
[2025-04-01 09:47:13,264] ERROR in app: Exception on /registro [POST]
Traceback (most recent call last):
  File "/usr/local/lib/python3.8/site-packages/flask/app.py", line 2463, in wsgi_app
    response = self.full_dispatch_request()
  File "/usr/local/lib/python3.8/site-packages/flask/app.py", line 1760, in full_dispatch_request
    rv = self.handle_user_exception(e)
  File "/usr/local/lib/python3.8/site-packages/flask/app.py", line 1758, in full_dispatch_request
    rv = self.dispatch_request()
  File "/usr/local/lib/python3.8/site-packages/flask/app.py", line 1734, in dispatch_request
    return self.ensure_sync(self.view_functions[rule.endpoint])(**view_args)
  File "/app/rutas_inicio.py", line 41, in registro
    respuesta,code= controlador_usuarios.alta_usuario(username,password,profile)
TypeError: alta_usuario() missing 1 required positional argument: 'correo'
[2025-04-01 09:47:13,265] ERROR in app: An exception occurred during a request.
Traceback (most recent call last):
  File "/usr/local/lib/python3.8/site-packages/flask/app.py", line 2463, in wsgi_app
    response = self.full_dispatch_request()
  File "/usr/local/lib/python3.8/site-packages/flask/app.py", line 1760, in full_dispatch_request
    rv = self.handle_user_exception(e)
  File "/usr/local/lib/python3.8/site-packages/flask/app.py", line 1758, in full_dispatch_request
    rv = self.dispatch_request()
  File "/usr/local/lib/python3.8/site-packages/flask/app.py", line 1734, in dispatch_request
    return self.ensure_sync(self.view_functions[rule.endpoint])(**view_args)
  File "/app/rutas_inicio.py", line 41, in registro
    respuesta,code= controlador_usuarios.alta_usuario(username,password,profile)
TypeError: alta_usuario() missing 1 required positional argument: 'correo'
[2025-04-01 09:47:13,265] INFO in app: path: /registro | method: POST | status: 500 INTERNAL SERVER ERROR | size: 21 >>> 172.25.0.6
[2025-04-01 09:47:13,266] INFO in _internal: 172.25.0.6 - - [01/Apr/2025 09:47:13] "[35m[1mPOST /registro HTTP/1.1[0m" 500 -
[2025-04-01 09:47:13,488] ERROR in app: Exception on /registro [POST]
Traceback (most recent call last):
  File "/usr/local/lib/python3.8/site-packages/flask/app.py", line 2463, in wsgi_app
    response = self.full_dispatch_request()
  File "/usr/local/lib/python3.8/site-packages/flask/app.py", line 1760, in full_dispatch_request
    rv = self.handle_user_exception(e)
  File "/usr/local/lib/python3.8/site-packages/flask/app.py", line 1758, in full_dispatch_request
    rv = self.dispatch_request()
  File "/usr/local/lib/python3.8/site-packages/flask/app.py", line 1734, in dispatch_request
    return self.ensure_sync(self.view_functions[rule.endpoint])(**view_args)
  File "/app/rutas_inicio.py", line 41, in registro
    respuesta,code= controlador_usuarios.alta_usuario(username,password,profile)
TypeError: alta_usuario() missing 1 required positional argument: 'correo'
[2025-04-01 09:47:13,488] ERROR in app: An exception occurred during a request.
Traceback (most recent call last):
  File "/usr/local/lib/python3.8/site-packages/flask/app.py", line 2463, in wsgi_app
    response = self.full_dispatch_request()
  File "/usr/local/lib/python3.8/site-packages/flask/app.py", line 1760, in full_dispatch_request
    rv = self.handle_user_exception(e)
  File "/usr/local/lib/python3.8/site-packages/flask/app.py", line 1758, in full_dispatch_request
    rv = self.dispatch_request()
  File "/usr/local/lib/python3.8/site-packages/flask/app.py", line 1734, in dispatch_request
    return self.ensure_sync(self.view_functions[rule.endpoint])(**view_args)
  File "/app/rutas_inicio.py", line 41, in registro
    respuesta,code= controlador_usuarios.alta_usuario(username,password,profile)
TypeError: alta_usuario() missing 1 required positional argument: 'correo'
[2025-04-01 09:47:13,489] INFO in app: path: /registro | method: POST | status: 500 INTERNAL SERVER ERROR | size: 21 >>> 172.25.0.6
[2025-04-01 09:47:13,489] INFO in _internal: 172.25.0.6 - - [01/Apr/2025 09:47:13] "[35m[1mPOST /registro HTTP/1.1[0m" 500 -
[2025-04-01 09:47:13,688] ERROR in app: Exception on /registro [POST]
Traceback (most recent call last):
  File "/usr/local/lib/python3.8/site-packages/flask/app.py", line 2463, in wsgi_app
    response = self.full_dispatch_request()
  File "/usr/local/lib/python3.8/site-packages/flask/app.py", line 1760, in full_dispatch_request
    rv = self.handle_user_exception(e)
  File "/usr/local/lib/python3.8/site-packages/flask/app.py", line 1758, in full_dispatch_request
    rv = self.dispatch_request()
  File "/usr/local/lib/python3.8/site-packages/flask/app.py", line 1734, in dispatch_request
    return self.ensure_sync(self.view_functions[rule.endpoint])(**view_args)
  File "/app/rutas_inicio.py", line 41, in registro
    respuesta,code= controlador_usuarios.alta_usuario(username,password,profile)
TypeError: alta_usuario() missing 1 required positional argument: 'correo'
[2025-04-01 09:47:13,689] ERROR in app: An exception occurred during a request.
Traceback (most recent call last):
  File "/usr/local/lib/python3.8/site-packages/flask/app.py", line 2463, in wsgi_app
    response = self.full_dispatch_request()
  File "/usr/local/lib/python3.8/site-packages/flask/app.py", line 1760, in full_dispatch_request
    rv = self.handle_user_exception(e)
  File "/usr/local/lib/python3.8/site-packages/flask/app.py", line 1758, in full_dispatch_request
    rv = self.dispatch_request()
  File "/usr/local/lib/python3.8/site-packages/flask/app.py", line 1734, in dispatch_request
    return self.ensure_sync(self.view_functions[rule.endpoint])(**view_args)
  File "/app/rutas_inicio.py", line 41, in registro
    respuesta,code= controlador_usuarios.alta_usuario(username,password,profile)
TypeError: alta_usuario() missing 1 required positional argument: 'correo'
[2025-04-01 09:47:13,690] INFO in app: path: /registro | method: POST | status: 500 INTERNAL SERVER ERROR | size: 21 >>> 172.25.0.6
[2025-04-01 09:47:13,690] INFO in _internal: 172.25.0.6 - - [01/Apr/2025 09:47:13] "[35m[1mPOST /registro HTTP/1.1[0m" 500 -
[2025-04-01 09:48:19,158] ERROR in app: Exception on /registro [POST]
Traceback (most recent call last):
  File "/usr/local/lib/python3.8/site-packages/flask/app.py", line 2463, in wsgi_app
    response = self.full_dispatch_request()
  File "/usr/local/lib/python3.8/site-packages/flask/app.py", line 1760, in full_dispatch_request
    rv = self.handle_user_exception(e)
  File "/usr/local/lib/python3.8/site-packages/flask/app.py", line 1758, in full_dispatch_request
    rv = self.dispatch_request()
  File "/usr/local/lib/python3.8/site-packages/flask/app.py", line 1734, in dispatch_request
    return self.ensure_sync(self.view_functions[rule.endpoint])(**view_args)
  File "/app/rutas_inicio.py", line 41, in registro
    respuesta,code= controlador_usuarios.alta_usuario(username,password,profile)
TypeError: alta_usuario() missing 1 required positional argument: 'correo'
[2025-04-01 09:48:19,159] ERROR in app: An exception occurred during a request.
Traceback (most recent call last):
  File "/usr/local/lib/python3.8/site-packages/flask/app.py", line 2463, in wsgi_app
    response = self.full_dispatch_request()
  File "/usr/local/lib/python3.8/site-packages/flask/app.py", line 1760, in full_dispatch_request
    rv = self.handle_user_exception(e)
  File "/usr/local/lib/python3.8/site-packages/flask/app.py", line 1758, in full_dispatch_request
    rv = self.dispatch_request()
  File "/usr/local/lib/python3.8/site-packages/flask/app.py", line 1734, in dispatch_request
    return self.ensure_sync(self.view_functions[rule.endpoint])(**view_args)
  File "/app/rutas_inicio.py", line 41, in registro
    respuesta,code= controlador_usuarios.alta_usuario(username,password,profile)
TypeError: alta_usuario() missing 1 required positional argument: 'correo'
[2025-04-01 09:48:19,160] INFO in app: path: /registro | method: POST | status: 500 INTERNAL SERVER ERROR | size: 21 >>> 172.25.0.6
[2025-04-01 09:48:19,161] INFO in _internal: 172.25.0.6 - - [01/Apr/2025 09:48:19] "[35m[1mPOST /registro HTTP/1.1[0m" 500 -
[2025-04-01 09:48:32,694] ERROR in app: Exception on /registro [POST]
Traceback (most recent call last):
  File "/usr/local/lib/python3.8/site-packages/flask/app.py", line 2463, in wsgi_app
    response = self.full_dispatch_request()
  File "/usr/local/lib/python3.8/site-packages/flask/app.py", line 1760, in full_dispatch_request
    rv = self.handle_user_exception(e)
  File "/usr/local/lib/python3.8/site-packages/flask/app.py", line 1758, in full_dispatch_request
    rv = self.dispatch_request()
  File "/usr/local/lib/python3.8/site-packages/flask/app.py", line 1734, in dispatch_request
    return self.ensure_sync(self.view_functions[rule.endpoint])(**view_args)
  File "/app/rutas_inicio.py", line 41, in registro
    respuesta,code= controlador_usuarios.alta_usuario(username,password,profile)
TypeError: alta_usuario() missing 1 required positional argument: 'correo'
[2025-04-01 09:48:32,695] ERROR in app: An exception occurred during a request.
Traceback (most recent call last):
  File "/usr/local/lib/python3.8/site-packages/flask/app.py", line 2463, in wsgi_app
    response = self.full_dispatch_request()
  File "/usr/local/lib/python3.8/site-packages/flask/app.py", line 1760, in full_dispatch_request
    rv = self.handle_user_exception(e)
  File "/usr/local/lib/python3.8/site-packages/flask/app.py", line 1758, in full_dispatch_request
    rv = self.dispatch_request()
  File "/usr/local/lib/python3.8/site-packages/flask/app.py", line 1734, in dispatch_request
    return self.ensure_sync(self.view_functions[rule.endpoint])(**view_args)
  File "/app/rutas_inicio.py", line 41, in registro
    respuesta,code= controlador_usuarios.alta_usuario(username,password,profile)
TypeError: alta_usuario() missing 1 required positional argument: 'correo'
[2025-04-01 09:48:32,696] INFO in app: path: /registro | method: POST | status: 500 INTERNAL SERVER ERROR | size: 21 >>> 172.25.0.6
[2025-04-01 09:48:32,697] INFO in _internal: 172.25.0.6 - - [01/Apr/2025 09:48:32] "[35m[1mPOST /registro HTTP/1.1[0m" 500 -
[2025-04-01 09:55:35,244] ERROR in app: Exception on /registro [POST]
Traceback (most recent call last):
  File "/usr/local/lib/python3.8/site-packages/flask/app.py", line 2463, in wsgi_app
    response = self.full_dispatch_request()
  File "/usr/local/lib/python3.8/site-packages/flask/app.py", line 1760, in full_dispatch_request
    rv = self.handle_user_exception(e)
  File "/usr/local/lib/python3.8/site-packages/flask/app.py", line 1758, in full_dispatch_request
    rv = self.dispatch_request()
  File "/usr/local/lib/python3.8/site-packages/flask/app.py", line 1734, in dispatch_request
    return self.ensure_sync(self.view_functions[rule.endpoint])(**view_args)
  File "/app/rutas_inicio.py", line 41, in registro
    respuesta,code= controlador_usuarios.alta_usuario(username,password,profile)
TypeError: alta_usuario() missing 1 required positional argument: 'correo'
[2025-04-01 09:55:35,245] ERROR in app: An exception occurred during a request.
Traceback (most recent call last):
  File "/usr/local/lib/python3.8/site-packages/flask/app.py", line 2463, in wsgi_app
    response = self.full_dispatch_request()
  File "/usr/local/lib/python3.8/site-packages/flask/app.py", line 1760, in full_dispatch_request
    rv = self.handle_user_exception(e)
  File "/usr/local/lib/python3.8/site-packages/flask/app.py", line 1758, in full_dispatch_request
    rv = self.dispatch_request()
  File "/usr/local/lib/python3.8/site-packages/flask/app.py", line 1734, in dispatch_request
    return self.ensure_sync(self.view_functions[rule.endpoint])(**view_args)
  File "/app/rutas_inicio.py", line 41, in registro
    respuesta,code= controlador_usuarios.alta_usuario(username,password,profile)
TypeError: alta_usuario() missing 1 required positional argument: 'correo'
[2025-04-01 09:55:35,246] INFO in app: path: /registro | method: POST | status: 500 INTERNAL SERVER ERROR | size: 21 >>> 172.25.0.6
[2025-04-01 09:55:35,246] INFO in _internal: 172.25.0.6 - - [01/Apr/2025 09:55:35] "[35m[1mPOST /registro HTTP/1.1[0m" 500 -
[2025-04-01 09:55:36,572] ERROR in app: Exception on /registro [POST]
Traceback (most recent call last):
  File "/usr/local/lib/python3.8/site-packages/flask/app.py", line 2463, in wsgi_app
    response = self.full_dispatch_request()
  File "/usr/local/lib/python3.8/site-packages/flask/app.py", line 1760, in full_dispatch_request
    rv = self.handle_user_exception(e)
  File "/usr/local/lib/python3.8/site-packages/flask/app.py", line 1758, in full_dispatch_request
    rv = self.dispatch_request()
  File "/usr/local/lib/python3.8/site-packages/flask/app.py", line 1734, in dispatch_request
    return self.ensure_sync(self.view_functions[rule.endpoint])(**view_args)
  File "/app/rutas_inicio.py", line 41, in registro
    respuesta,code= controlador_usuarios.alta_usuario(username,password,profile)
TypeError: alta_usuario() missing 1 required positional argument: 'correo'
[2025-04-01 09:55:36,573] ERROR in app: An exception occurred during a request.
Traceback (most recent call last):
  File "/usr/local/lib/python3.8/site-packages/flask/app.py", line 2463, in wsgi_app
    response = self.full_dispatch_request()
  File "/usr/local/lib/python3.8/site-packages/flask/app.py", line 1760, in full_dispatch_request
    rv = self.handle_user_exception(e)
  File "/usr/local/lib/python3.8/site-packages/flask/app.py", line 1758, in full_dispatch_request
    rv = self.dispatch_request()
  File "/usr/local/lib/python3.8/site-packages/flask/app.py", line 1734, in dispatch_request
    return self.ensure_sync(self.view_functions[rule.endpoint])(**view_args)
  File "/app/rutas_inicio.py", line 41, in registro
    respuesta,code= controlador_usuarios.alta_usuario(username,password,profile)
TypeError: alta_usuario() missing 1 required positional argument: 'correo'
[2025-04-01 09:55:36,573] INFO in app: path: /registro | method: POST | status: 500 INTERNAL SERVER ERROR | size: 21 >>> 172.25.0.6
[2025-04-01 09:55:36,574] INFO in _internal: 172.25.0.6 - - [01/Apr/2025 09:55:36] "[35m[1mPOST /registro HTTP/1.1[0m" 500 -
[2025-04-01 09:55:36,748] ERROR in app: Exception on /registro [POST]
Traceback (most recent call last):
  File "/usr/local/lib/python3.8/site-packages/flask/app.py", line 2463, in wsgi_app
    response = self.full_dispatch_request()
  File "/usr/local/lib/python3.8/site-packages/flask/app.py", line 1760, in full_dispatch_request
    rv = self.handle_user_exception(e)
  File "/usr/local/lib/python3.8/site-packages/flask/app.py", line 1758, in full_dispatch_request
    rv = self.dispatch_request()
  File "/usr/local/lib/python3.8/site-packages/flask/app.py", line 1734, in dispatch_request
    return self.ensure_sync(self.view_functions[rule.endpoint])(**view_args)
  File "/app/rutas_inicio.py", line 41, in registro
    respuesta,code= controlador_usuarios.alta_usuario(username,password,profile)
TypeError: alta_usuario() missing 1 required positional argument: 'correo'
[2025-04-01 09:55:36,749] ERROR in app: An exception occurred during a request.
Traceback (most recent call last):
  File "/usr/local/lib/python3.8/site-packages/flask/app.py", line 2463, in wsgi_app
    response = self.full_dispatch_request()
  File "/usr/local/lib/python3.8/site-packages/flask/app.py", line 1760, in full_dispatch_request
    rv = self.handle_user_exception(e)
  File "/usr/local/lib/python3.8/site-packages/flask/app.py", line 1758, in full_dispatch_request
    rv = self.dispatch_request()
  File "/usr/local/lib/python3.8/site-packages/flask/app.py", line 1734, in dispatch_request
    return self.ensure_sync(self.view_functions[rule.endpoint])(**view_args)
  File "/app/rutas_inicio.py", line 41, in registro
    respuesta,code= controlador_usuarios.alta_usuario(username,password,profile)
TypeError: alta_usuario() missing 1 required positional argument: 'correo'
[2025-04-01 09:55:36,749] INFO in app: path: /registro | method: POST | status: 500 INTERNAL SERVER ERROR | size: 21 >>> 172.25.0.6
[2025-04-01 09:55:36,750] INFO in _internal: 172.25.0.6 - - [01/Apr/2025 09:55:36] "[35m[1mPOST /registro HTTP/1.1[0m" 500 -
[2025-04-01 09:55:49,998] ERROR in app: Exception on /registro [POST]
Traceback (most recent call last):
  File "/usr/local/lib/python3.8/site-packages/flask/app.py", line 2463, in wsgi_app
    response = self.full_dispatch_request()
  File "/usr/local/lib/python3.8/site-packages/flask/app.py", line 1760, in full_dispatch_request
    rv = self.handle_user_exception(e)
  File "/usr/local/lib/python3.8/site-packages/flask/app.py", line 1758, in full_dispatch_request
    rv = self.dispatch_request()
  File "/usr/local/lib/python3.8/site-packages/flask/app.py", line 1734, in dispatch_request
    return self.ensure_sync(self.view_functions[rule.endpoint])(**view_args)
  File "/app/rutas_inicio.py", line 41, in registro
    respuesta,code= controlador_usuarios.alta_usuario(username,password,profile)
TypeError: alta_usuario() missing 1 required positional argument: 'correo'
[2025-04-01 09:55:49,999] ERROR in app: An exception occurred during a request.
Traceback (most recent call last):
  File "/usr/local/lib/python3.8/site-packages/flask/app.py", line 2463, in wsgi_app
    response = self.full_dispatch_request()
  File "/usr/local/lib/python3.8/site-packages/flask/app.py", line 1760, in full_dispatch_request
    rv = self.handle_user_exception(e)
  File "/usr/local/lib/python3.8/site-packages/flask/app.py", line 1758, in full_dispatch_request
    rv = self.dispatch_request()
  File "/usr/local/lib/python3.8/site-packages/flask/app.py", line 1734, in dispatch_request
    return self.ensure_sync(self.view_functions[rule.endpoint])(**view_args)
  File "/app/rutas_inicio.py", line 41, in registro
    respuesta,code= controlador_usuarios.alta_usuario(username,password,profile)
TypeError: alta_usuario() missing 1 required positional argument: 'correo'
[2025-04-01 09:55:49,999] INFO in app: path: /registro | method: POST | status: 500 INTERNAL SERVER ERROR | size: 21 >>> 172.25.0.6
[2025-04-01 09:55:50,000] INFO in _internal: 172.25.0.6 - - [01/Apr/2025 09:55:50] "[35m[1mPOST /registro HTTP/1.1[0m" 500 -
[2025-04-01 09:55:50,404] ERROR in app: Exception on /registro [POST]
Traceback (most recent call last):
  File "/usr/local/lib/python3.8/site-packages/flask/app.py", line 2463, in wsgi_app
    response = self.full_dispatch_request()
  File "/usr/local/lib/python3.8/site-packages/flask/app.py", line 1760, in full_dispatch_request
    rv = self.handle_user_exception(e)
  File "/usr/local/lib/python3.8/site-packages/flask/app.py", line 1758, in full_dispatch_request
    rv = self.dispatch_request()
  File "/usr/local/lib/python3.8/site-packages/flask/app.py", line 1734, in dispatch_request
    return self.ensure_sync(self.view_functions[rule.endpoint])(**view_args)
  File "/app/rutas_inicio.py", line 41, in registro
    respuesta,code= controlador_usuarios.alta_usuario(username,password,profile)
TypeError: alta_usuario() missing 1 required positional argument: 'correo'
[2025-04-01 09:55:50,405] ERROR in app: An exception occurred during a request.
Traceback (most recent call last):
  File "/usr/local/lib/python3.8/site-packages/flask/app.py", line 2463, in wsgi_app
    response = self.full_dispatch_request()
  File "/usr/local/lib/python3.8/site-packages/flask/app.py", line 1760, in full_dispatch_request
    rv = self.handle_user_exception(e)
  File "/usr/local/lib/python3.8/site-packages/flask/app.py", line 1758, in full_dispatch_request
    rv = self.dispatch_request()
  File "/usr/local/lib/python3.8/site-packages/flask/app.py", line 1734, in dispatch_request
    return self.ensure_sync(self.view_functions[rule.endpoint])(**view_args)
  File "/app/rutas_inicio.py", line 41, in registro
    respuesta,code= controlador_usuarios.alta_usuario(username,password,profile)
TypeError: alta_usuario() missing 1 required positional argument: 'correo'
[2025-04-01 09:55:50,406] INFO in app: path: /registro | method: POST | status: 500 INTERNAL SERVER ERROR | size: 21 >>> 172.25.0.6
[2025-04-01 09:55:50,406] INFO in _internal: 172.25.0.6 - - [01/Apr/2025 09:55:50] "[35m[1mPOST /registro HTTP/1.1[0m" 500 -
[2025-04-01 09:55:50,579] ERROR in app: Exception on /registro [POST]
Traceback (most recent call last):
  File "/usr/local/lib/python3.8/site-packages/flask/app.py", line 2463, in wsgi_app
    response = self.full_dispatch_request()
  File "/usr/local/lib/python3.8/site-packages/flask/app.py", line 1760, in full_dispatch_request
    rv = self.handle_user_exception(e)
  File "/usr/local/lib/python3.8/site-packages/flask/app.py", line 1758, in full_dispatch_request
    rv = self.dispatch_request()
  File "/usr/local/lib/python3.8/site-packages/flask/app.py", line 1734, in dispatch_request
    return self.ensure_sync(self.view_functions[rule.endpoint])(**view_args)
  File "/app/rutas_inicio.py", line 41, in registro
    respuesta,code= controlador_usuarios.alta_usuario(username,password,profile)
TypeError: alta_usuario() missing 1 required positional argument: 'correo'
[2025-04-01 09:55:50,580] ERROR in app: An exception occurred during a request.
Traceback (most recent call last):
  File "/usr/local/lib/python3.8/site-packages/flask/app.py", line 2463, in wsgi_app
    response = self.full_dispatch_request()
  File "/usr/local/lib/python3.8/site-packages/flask/app.py", line 1760, in full_dispatch_request
    rv = self.handle_user_exception(e)
  File "/usr/local/lib/python3.8/site-packages/flask/app.py", line 1758, in full_dispatch_request
    rv = self.dispatch_request()
  File "/usr/local/lib/python3.8/site-packages/flask/app.py", line 1734, in dispatch_request
    return self.ensure_sync(self.view_functions[rule.endpoint])(**view_args)
  File "/app/rutas_inicio.py", line 41, in registro
    respuesta,code= controlador_usuarios.alta_usuario(username,password,profile)
TypeError: alta_usuario() missing 1 required positional argument: 'correo'
[2025-04-01 09:55:50,581] INFO in app: path: /registro | method: POST | status: 500 INTERNAL SERVER ERROR | size: 21 >>> 172.25.0.6
[2025-04-01 09:55:50,581] INFO in _internal: 172.25.0.6 - - [01/Apr/2025 09:55:50] "[35m[1mPOST /registro HTTP/1.1[0m" 500 -
[2025-04-01 09:56:33,243] INFO in _internal: [31m[1mWARNING: This is a development server. Do not use it in a production deployment. Use a production WSGI server instead.[0m
 * Running on all addresses (0.0.0.0)
 * Running on http://127.0.0.1:8080
 * Running on http://172.25.0.3:8080
[2025-04-01 09:56:33,243] INFO in _internal: [33mPress CTRL+C to quit[0m
[2025-04-01 09:56:40,272] INFO in controlador_usuarios: Nuevo usuario creado
[2025-04-01 09:56:40,273] INFO in app: path: /registro | method: POST | status: 200 OK | size: 16 >>> 172.25.0.6
[2025-04-01 09:56:40,273] INFO in _internal: 172.25.0.6 - - [01/Apr/2025 09:56:40] "POST /registro HTTP/1.1" 200 -
[2025-04-01 09:57:21,548] INFO in controlador_usuarios: Nuevo usuario creado
[2025-04-01 09:57:21,549] INFO in app: path: /registro | method: POST | status: 200 OK | size: 16 >>> 172.25.0.6
[2025-04-01 09:57:21,549] INFO in _internal: 172.25.0.6 - - [01/Apr/2025 09:57:21] "POST /registro HTTP/1.1" 200 -
[2025-04-01 09:57:33,535] INFO in controlador_usuarios: Acceso usuario prueba correcto
[2025-04-01 09:57:33,538] INFO in app: path: /login | method: POST | status: 200 OK | size: 145 >>> 172.25.0.6
[2025-04-01 09:57:33,539] INFO in _internal: 172.25.0.6 - - [01/Apr/2025 09:57:33] "POST /login HTTP/1.1" 200 -
[2025-04-01 09:57:33,646] INFO in app: path: /salas | method: GET | status: 200 OK | size: 2 >>> 172.25.0.6
[2025-04-01 09:57:33,647] INFO in _internal: 172.25.0.6 - - [01/Apr/2025 09:57:33] "GET /salas HTTP/1.1" 200 -
[2025-04-01 09:57:36,065] INFO in app: path: /salas | method: GET | status: 200 OK | size: 2 >>> 172.25.0.6
[2025-04-01 09:57:36,065] INFO in _internal: 172.25.0.6 - - [01/Apr/2025 09:57:36] "GET /salas HTTP/1.1" 200 -
[2025-04-01 09:57:36,868] INFO in app: path: /salas | method: GET | status: 200 OK | size: 2 >>> 172.25.0.6
[2025-04-01 09:57:36,869] INFO in _internal: 172.25.0.6 - - [01/Apr/2025 09:57:36] "GET /salas HTTP/1.1" 200 -
[2025-04-01 09:57:37,382] INFO in app: path: /salas | method: GET | status: 200 OK | size: 2 >>> 172.25.0.6
[2025-04-01 09:57:37,383] INFO in _internal: 172.25.0.6 - - [01/Apr/2025 09:57:37] "GET /salas HTTP/1.1" 200 -
[2025-04-01 09:57:37,869] INFO in app: path: /salas | method: GET | status: 200 OK | size: 2 >>> 172.25.0.6
[2025-04-01 09:57:37,869] INFO in _internal: 172.25.0.6 - - [01/Apr/2025 09:57:37] "GET /salas HTTP/1.1" 200 -
[2025-04-01 09:57:38,647] INFO in app: path: /salas | method: GET | status: 200 OK | size: 2 >>> 172.25.0.6
[2025-04-01 09:57:38,647] INFO in _internal: 172.25.0.6 - - [01/Apr/2025 09:57:38] "GET /salas HTTP/1.1" 200 -
[2025-04-01 09:57:39,159] INFO in app: path: /salas | method: GET | status: 200 OK | size: 2 >>> 172.25.0.6
[2025-04-01 09:57:39,160] INFO in _internal: 172.25.0.6 - - [01/Apr/2025 09:57:39] "GET /salas HTTP/1.1" 200 -
[2025-04-01 09:57:39,663] INFO in app: path: /salas | method: GET | status: 200 OK | size: 2 >>> 172.25.0.6
[2025-04-01 09:57:39,664] INFO in _internal: 172.25.0.6 - - [01/Apr/2025 09:57:39] "GET /salas HTTP/1.1" 200 -
[2025-04-01 09:57:40,607] INFO in app: path: /salas | method: GET | status: 200 OK | size: 2 >>> 172.25.0.6
[2025-04-01 09:57:40,608] INFO in _internal: 172.25.0.6 - - [01/Apr/2025 09:57:40] "GET /salas HTTP/1.1" 200 -
[2025-04-01 09:57:41,081] INFO in app: path: /salas | method: GET | status: 200 OK | size: 2 >>> 172.25.0.6
[2025-04-01 09:57:41,082] INFO in _internal: 172.25.0.6 - - [01/Apr/2025 09:57:41] "GET /salas HTTP/1.1" 200 -
[2025-04-01 09:57:41,655] INFO in app: path: /salas | method: GET | status: 200 OK | size: 2 >>> 172.25.0.6
[2025-04-01 09:57:41,656] INFO in _internal: 172.25.0.6 - - [01/Apr/2025 09:57:41] "GET /salas HTTP/1.1" 200 -
[2025-04-01 09:57:41,974] INFO in app: path: /salas | method: GET | status: 200 OK | size: 2 >>> 172.25.0.6
[2025-04-01 09:57:41,975] INFO in _internal: 172.25.0.6 - - [01/Apr/2025 09:57:41] "GET /salas HTTP/1.1" 200 -
[2025-04-01 09:57:42,223] INFO in app: path: /salas | method: GET | status: 200 OK | size: 2 >>> 172.25.0.6
[2025-04-01 09:57:42,224] INFO in _internal: 172.25.0.6 - - [01/Apr/2025 09:57:42] "GET /salas HTTP/1.1" 200 -
[2025-04-01 09:57:49,005] INFO in app: path: /logout | method: GET | status: 200 OK | size: 16 >>> 172.25.0.6
[2025-04-01 09:57:49,006] INFO in _internal: 172.25.0.6 - - [01/Apr/2025 09:57:49] "GET /logout HTTP/1.1" 200 -
[2025-04-01 09:57:55,888] INFO in controlador_usuarios: Acceso usuario root correcto
[2025-04-01 09:57:55,889] INFO in app: path: /login | method: POST | status: 200 OK | size: 144 >>> 172.25.0.6
[2025-04-01 09:57:55,890] INFO in _internal: 172.25.0.6 - - [01/Apr/2025 09:57:55] "POST /login HTTP/1.1" 200 -
[2025-04-01 09:58:07,355] ERROR in app: Exception on /salas [POST]
Traceback (most recent call last):
  File "/usr/local/lib/python3.8/site-packages/flask/app.py", line 2463, in wsgi_app
    response = self.full_dispatch_request()
  File "/usr/local/lib/python3.8/site-packages/flask/app.py", line 1760, in full_dispatch_request
    rv = self.handle_user_exception(e)
  File "/usr/local/lib/python3.8/site-packages/flask/app.py", line 1758, in full_dispatch_request
    rv = self.dispatch_request()
  File "/usr/local/lib/python3.8/site-packages/flask/app.py", line 1734, in dispatch_request
    return self.ensure_sync(self.view_functions[rule.endpoint])(**view_args)
  File "/app/rutas_salas.py", line 58, in guardar_sala
    response= make_response(json.dumps(respuesta, cls=Encoder))
UnboundLocalError: local variable 'respuesta' referenced before assignment
[2025-04-01 09:58:07,357] ERROR in app: An exception occurred during a request.
Traceback (most recent call last):
  File "/usr/local/lib/python3.8/site-packages/flask/app.py", line 2463, in wsgi_app
    response = self.full_dispatch_request()
  File "/usr/local/lib/python3.8/site-packages/flask/app.py", line 1760, in full_dispatch_request
    rv = self.handle_user_exception(e)
  File "/usr/local/lib/python3.8/site-packages/flask/app.py", line 1758, in full_dispatch_request
    rv = self.dispatch_request()
  File "/usr/local/lib/python3.8/site-packages/flask/app.py", line 1734, in dispatch_request
    return self.ensure_sync(self.view_functions[rule.endpoint])(**view_args)
  File "/app/rutas_salas.py", line 58, in guardar_sala
    response= make_response(json.dumps(respuesta, cls=Encoder))
UnboundLocalError: local variable 'respuesta' referenced before assignment
[2025-04-01 09:58:07,358] INFO in app: path: /salas | method: POST | status: 500 INTERNAL SERVER ERROR | size: 21 >>> 172.25.0.6
[2025-04-01 09:58:07,359] INFO in _internal: 172.25.0.6 - - [01/Apr/2025 09:58:07] "[35m[1mPOST /salas HTTP/1.1[0m" 500 -
[2025-04-01 10:03:03,305] INFO in _internal: [31m[1mWARNING: This is a development server. Do not use it in a production deployment. Use a production WSGI server instead.[0m
 * Running on all addresses (0.0.0.0)
 * Running on http://127.0.0.1:8080
 * Running on http://172.25.0.3:8080
[2025-04-01 10:03:03,305] INFO in _internal: [33mPress CTRL+C to quit[0m
[2025-04-01 10:03:10,715] INFO in app: path: /logout | method: GET | status: 200 OK | size: 16 >>> 172.25.0.6
[2025-04-01 10:03:10,716] INFO in _internal: 172.25.0.6 - - [01/Apr/2025 10:03:10] "GET /logout HTTP/1.1" 200 -
[2025-04-01 10:03:17,205] INFO in controlador_usuarios: Acceso usuario root correcto
[2025-04-01 10:03:17,206] INFO in app: path: /login | method: POST | status: 200 OK | size: 144 >>> 172.25.0.6
[2025-04-01 10:03:17,206] INFO in _internal: 172.25.0.6 - - [01/Apr/2025 10:03:17] "POST /login HTTP/1.1" 200 -
[2025-04-01 10:03:37,858] INFO in app: path: /salas | method: POST | status: 200 OK | size: 25 >>> 172.25.0.6
[2025-04-01 10:03:37,859] INFO in _internal: 172.25.0.6 - - [01/Apr/2025 10:03:37] "POST /salas HTTP/1.1" 200 -
[2025-04-01 10:05:40,473] INFO in app: path: /salas | method: POST | status: 200 OK | size: 25 >>> 172.25.0.6
[2025-04-01 10:05:40,474] INFO in _internal: 172.25.0.6 - - [01/Apr/2025 10:05:40] "POST /salas HTTP/1.1" 200 -
[2025-04-01 10:06:04,715] INFO in app: path: /salas | method: POST | status: 200 OK | size: 25 >>> 172.25.0.6
[2025-04-01 10:06:04,716] INFO in _internal: 172.25.0.6 - - [01/Apr/2025 10:06:04] "POST /salas HTTP/1.1" 200 -
[2025-04-01 10:07:13,535] INFO in app: path: /salas | method: POST | status: 200 OK | size: 25 >>> 172.25.0.6
[2025-04-01 10:07:13,535] INFO in _internal: 172.25.0.6 - - [01/Apr/2025 10:07:13] "POST /salas HTTP/1.1" 200 -
[2025-04-01 10:07:50,246] INFO in app: path: /salas | method: POST | status: 200 OK | size: 25 >>> 172.25.0.6
[2025-04-01 10:07:50,247] INFO in _internal: 172.25.0.6 - - [01/Apr/2025 10:07:50] "POST /salas HTTP/1.1" 200 -
[2025-04-01 10:10:39,704] INFO in app: path: /logout | method: GET | status: 200 OK | size: 16 >>> 172.25.0.6
[2025-04-01 10:10:39,704] INFO in _internal: 172.25.0.6 - - [01/Apr/2025 10:10:39] "GET /logout HTTP/1.1" 200 -
[2025-04-01 10:10:58,683] INFO in app: path: /registro | method: POST | status: 200 OK | size: 51 >>> 172.25.0.6
[2025-04-01 10:10:58,684] INFO in _internal: 172.25.0.6 - - [01/Apr/2025 10:10:58] "POST /registro HTTP/1.1" 200 -
[2025-04-01 10:11:19,047] INFO in controlador_usuarios: Acceso usuario prueba incorrecto
[2025-04-01 10:11:19,050] INFO in app: path: /login | method: POST | status: 200 OK | size: 55 >>> 172.25.0.6
[2025-04-01 10:11:19,050] INFO in _internal: 172.25.0.6 - - [01/Apr/2025 10:11:19] "POST /login HTTP/1.1" 200 -
[2025-04-01 10:11:25,642] INFO in controlador_usuarios: Acceso usuario prueba correcto
[2025-04-01 10:11:25,645] INFO in app: path: /login | method: POST | status: 200 OK | size: 145 >>> 172.25.0.6
[2025-04-01 10:11:25,645] INFO in _internal: 172.25.0.6 - - [01/Apr/2025 10:11:25] "POST /login HTTP/1.1" 200 -
[2025-04-01 10:11:25,716] INFO in app: path: /salas | method: GET | status: 200 OK | size: 2 >>> 172.25.0.6
[2025-04-01 10:11:25,717] INFO in _internal: 172.25.0.6 - - [01/Apr/2025 10:11:25] "GET /salas HTTP/1.1" 200 -
[2025-04-01 10:11:27,875] INFO in app: path: /salas | method: GET | status: 200 OK | size: 2 >>> 172.25.0.6
[2025-04-01 10:11:27,875] INFO in _internal: 172.25.0.6 - - [01/Apr/2025 10:11:27] "GET /salas HTTP/1.1" 200 -
[2025-04-01 10:11:28,162] INFO in app: path: /salas | method: GET | status: 200 OK | size: 2 >>> 172.25.0.6
[2025-04-01 10:11:28,162] INFO in _internal: 172.25.0.6 - - [01/Apr/2025 10:11:28] "GET /salas HTTP/1.1" 200 -
[2025-04-01 10:11:28,804] INFO in app: path: /salas | method: GET | status: 200 OK | size: 2 >>> 172.25.0.6
[2025-04-01 10:11:28,804] INFO in _internal: 172.25.0.6 - - [01/Apr/2025 10:11:28] "GET /salas HTTP/1.1" 200 -
[2025-04-01 10:11:34,715] INFO in app: path: /salas | method: GET | status: 200 OK | size: 2 >>> 172.25.0.6
[2025-04-01 10:11:34,715] INFO in _internal: 172.25.0.6 - - [01/Apr/2025 10:11:34] "GET /salas HTTP/1.1" 200 -
[2025-04-01 10:11:36,227] INFO in app: path: /salas | method: GET | status: 200 OK | size: 2 >>> 172.25.0.6
[2025-04-01 10:11:36,228] INFO in _internal: 172.25.0.6 - - [01/Apr/2025 10:11:36] "GET /salas HTTP/1.1" 200 -
[2025-04-01 10:11:38,076] INFO in app: path: /logout | method: GET | status: 200 OK | size: 16 >>> 172.25.0.6
[2025-04-01 10:11:38,077] INFO in _internal: 172.25.0.6 - - [01/Apr/2025 10:11:38] "GET /logout HTTP/1.1" 200 -
[2025-04-01 10:11:44,730] INFO in controlador_usuarios: Acceso usuario root correcto
[2025-04-01 10:11:44,731] INFO in app: path: /login | method: POST | status: 200 OK | size: 144 >>> 172.25.0.6
[2025-04-01 10:11:44,732] INFO in _internal: 172.25.0.6 - - [01/Apr/2025 10:11:44] "POST /login HTTP/1.1" 200 -
[2025-04-01 10:12:03,045] INFO in app: path: /salas | method: POST | status: 200 OK | size: 25 >>> 172.25.0.6
[2025-04-01 10:12:03,046] INFO in _internal: 172.25.0.6 - - [01/Apr/2025 10:12:03] "POST /salas HTTP/1.1" 200 -
[2025-04-01 10:20:11,944] INFO in _internal: [31m[1mWARNING: This is a development server. Do not use it in a production deployment. Use a production WSGI server instead.[0m
 * Running on all addresses (0.0.0.0)
 * Running on http://127.0.0.1:8080
 * Running on http://172.25.0.3:8080
[2025-04-01 10:20:11,944] INFO in _internal: [33mPress CTRL+C to quit[0m
[2025-04-01 10:20:14,987] INFO in app: path: /logout | method: GET | status: 200 OK | size: 16 >>> 172.25.0.6
[2025-04-01 10:20:14,988] INFO in _internal: 172.25.0.6 - - [01/Apr/2025 10:20:14] "GET /logout HTTP/1.1" 200 -
[2025-04-01 10:20:20,811] INFO in controlador_usuarios: Acceso usuario root correcto
[2025-04-01 10:20:20,812] INFO in app: path: /login | method: POST | status: 200 OK | size: 144 >>> 172.25.0.6
[2025-04-01 10:20:20,812] INFO in _internal: 172.25.0.6 - - [01/Apr/2025 10:20:20] "POST /login HTTP/1.1" 200 -
[2025-04-01 10:20:34,968] INFO in app: path: /salas | method: POST | status: 200 OK | size: 25 >>> 172.25.0.6
[2025-04-01 10:20:34,969] INFO in _internal: 172.25.0.6 - - [01/Apr/2025 10:20:34] "POST /salas HTTP/1.1" 200 -
[2025-04-01 10:22:20,280] INFO in app: path: /salas | method: GET | status: 200 OK | size: 2 >>> 172.25.0.6
[2025-04-01 10:22:20,281] INFO in _internal: 172.25.0.6 - - [01/Apr/2025 10:22:20] "GET /salas HTTP/1.1" 200 -
[2025-04-01 10:22:20,921] INFO in app: path: /salas | method: GET | status: 200 OK | size: 2 >>> 172.25.0.6
[2025-04-01 10:22:20,922] INFO in _internal: 172.25.0.6 - - [01/Apr/2025 10:22:20] "GET /salas HTTP/1.1" 200 -
[2025-04-01 10:22:21,083] INFO in app: path: /salas | method: GET | status: 200 OK | size: 2 >>> 172.25.0.6
[2025-04-01 10:22:21,084] INFO in _internal: 172.25.0.6 - - [01/Apr/2025 10:22:21] "GET /salas HTTP/1.1" 200 -
[2025-04-01 10:22:21,406] INFO in app: path: /logout | method: GET | status: 200 OK | size: 16 >>> 172.25.0.6
[2025-04-01 10:22:21,407] INFO in _internal: 172.25.0.6 - - [01/Apr/2025 10:22:21] "GET /logout HTTP/1.1" 200 -
[2025-04-01 10:22:29,106] INFO in controlador_usuarios: Acceso usuario prueba correcto
[2025-04-01 10:22:29,107] INFO in app: path: /login | method: POST | status: 200 OK | size: 145 >>> 172.25.0.6
[2025-04-01 10:22:29,107] INFO in _internal: 172.25.0.6 - - [01/Apr/2025 10:22:29] "POST /login HTTP/1.1" 200 -
[2025-04-01 10:22:29,184] INFO in app: path: /salas | method: GET | status: 200 OK | size: 2 >>> 172.25.0.6
[2025-04-01 10:22:29,185] INFO in _internal: 172.25.0.6 - - [01/Apr/2025 10:22:29] "GET /salas HTTP/1.1" 200 -
[2025-04-01 10:22:39,207] INFO in controlador_usuarios: Acceso usuario root correcto
[2025-04-01 10:22:39,208] INFO in app: path: /login | method: POST | status: 200 OK | size: 144 >>> 172.25.0.6
[2025-04-01 10:22:39,209] INFO in _internal: 172.25.0.6 - - [01/Apr/2025 10:22:39] "POST /login HTTP/1.1" 200 -
[2025-04-01 10:22:39,239] INFO in app: path: /salas | method: GET | status: 200 OK | size: 2 >>> 172.25.0.6
[2025-04-01 10:22:39,239] INFO in _internal: 172.25.0.6 - - [01/Apr/2025 10:22:39] "GET /salas HTTP/1.1" 200 -
[2025-04-01 10:23:11,525] INFO in app: path: /salas | method: POST | status: 200 OK | size: 25 >>> 172.25.0.6
[2025-04-01 10:23:11,526] INFO in _internal: 172.25.0.6 - - [01/Apr/2025 10:23:11] "POST /salas HTTP/1.1" 200 -
[2025-04-01 10:23:53,884] INFO in app: path: /upload | method: POST | status: 400 BAD REQUEST | size: 117 >>> 172.25.0.6
[2025-04-01 10:23:53,885] INFO in _internal: 172.25.0.6 - - [01/Apr/2025 10:23:53] "[31m[1mPOST /upload HTTP/1.1[0m" 400 -
[2025-04-01 10:23:56,700] INFO in app: path: /salas | method: GET | status: 200 OK | size: 2 >>> 172.25.0.6
[2025-04-01 10:23:56,701] INFO in _internal: 172.25.0.6 - - [01/Apr/2025 10:23:56] "GET /salas HTTP/1.1" 200 -
[2025-04-01 10:26:36,820] INFO in app: path: /salas | method: POST | status: 200 OK | size: 25 >>> 172.25.0.6
[2025-04-01 10:26:36,821] INFO in _internal: 172.25.0.6 - - [01/Apr/2025 10:26:36] "POST /salas HTTP/1.1" 200 -
[2025-04-01 10:27:46,833] INFO in app: path: /salas | method: GET | status: 200 OK | size: 81 >>> 172.25.0.6
[2025-04-01 10:27:46,834] INFO in _internal: 172.25.0.6 - - [01/Apr/2025 10:27:46] "GET /salas HTTP/1.1" 200 -
[2025-04-01 10:27:49,015] INFO in app: path: /sala/1 | method: GET | status: 404 NOT FOUND | size: 207 >>> 172.25.0.6
[2025-04-01 10:27:49,016] INFO in _internal: 172.25.0.6 - - [01/Apr/2025 10:27:49] "[33mGET /sala/1 HTTP/1.1[0m" 404 -
[2025-04-01 10:27:50,964] INFO in app: path: /salas | method: GET | status: 200 OK | size: 81 >>> 172.25.0.6
[2025-04-01 10:27:50,966] INFO in _internal: 172.25.0.6 - - [01/Apr/2025 10:27:50] "GET /salas HTTP/1.1" 200 -
[2025-04-01 10:27:54,951] INFO in app: path: /salas/1 | method: DELETE | status: 200 OK | size: 16 >>> 172.25.0.6
[2025-04-01 10:27:54,951] INFO in _internal: 172.25.0.6 - - [01/Apr/2025 10:27:54] "DELETE /salas/1 HTTP/1.1" 200 -
[2025-04-01 10:27:56,397] INFO in app: path: /salas | method: GET | status: 200 OK | size: 2 >>> 172.25.0.6
[2025-04-01 10:27:56,398] INFO in _internal: 172.25.0.6 - - [01/Apr/2025 10:27:56] "GET /salas HTTP/1.1" 200 -
[2025-04-01 10:28:22,738] INFO in app: path: /salas | method: GET | status: 200 OK | size: 82 >>> 172.25.0.6
[2025-04-01 10:28:22,738] INFO in _internal: 172.25.0.6 - - [01/Apr/2025 10:28:22] "GET /salas HTTP/1.1" 200 -
[2025-04-01 10:28:26,761] INFO in app: path: /salas/2 | method: DELETE | status: 200 OK | size: 16 >>> 172.25.0.6
[2025-04-01 10:28:26,761] INFO in _internal: 172.25.0.6 - - [01/Apr/2025 10:28:26] "DELETE /salas/2 HTTP/1.1" 200 -
[2025-04-01 10:28:27,994] INFO in app: path: /salas | method: GET | status: 200 OK | size: 2 >>> 172.25.0.6
[2025-04-01 10:28:27,995] INFO in _internal: 172.25.0.6 - - [01/Apr/2025 10:28:27] "GET /salas HTTP/1.1" 200 -
[2025-04-01 10:29:43,949] INFO in app: path: /salas | method: GET | status: 200 OK | size: 2 >>> 172.25.0.6
[2025-04-01 10:29:43,950] INFO in _internal: 172.25.0.6 - - [01/Apr/2025 10:29:43] "GET /salas HTTP/1.1" 200 -
[2025-04-01 10:29:44,485] INFO in app: path: /salas | method: GET | status: 200 OK | size: 2 >>> 172.25.0.6
[2025-04-01 10:29:44,485] INFO in _internal: 172.25.0.6 - - [01/Apr/2025 10:29:44] "GET /salas HTTP/1.1" 200 -
[2025-04-01 10:29:44,750] INFO in app: path: /salas | method: GET | status: 200 OK | size: 2 >>> 172.25.0.6
[2025-04-01 10:29:44,751] INFO in _internal: 172.25.0.6 - - [01/Apr/2025 10:29:44] "GET /salas HTTP/1.1" 200 -
[2025-04-01 10:29:54,195] INFO in app: path: /salas | method: POST | status: 200 OK | size: 25 >>> 172.25.0.6
[2025-04-01 10:29:54,196] INFO in _internal: 172.25.0.6 - - [01/Apr/2025 10:29:54] "POST /salas HTTP/1.1" 200 -
[2025-04-01 10:30:08,336] INFO in app: path: /salas | method: GET | status: 200 OK | size: 79 >>> 172.25.0.6
[2025-04-01 10:30:08,337] INFO in _internal: 172.25.0.6 - - [01/Apr/2025 10:30:08] "GET /salas HTTP/1.1" 200 -
[2025-04-01 10:30:22,576] INFO in app: path: /salas/3 | method: DELETE | status: 200 OK | size: 16 >>> 172.25.0.6
[2025-04-01 10:30:22,577] INFO in _internal: 172.25.0.6 - - [01/Apr/2025 10:30:22] "DELETE /salas/3 HTTP/1.1" 200 -
[2025-04-01 10:30:24,057] INFO in app: path: /salas | method: GET | status: 200 OK | size: 2 >>> 172.25.0.6
[2025-04-01 10:30:24,058] INFO in _internal: 172.25.0.6 - - [01/Apr/2025 10:30:24] "GET /salas HTTP/1.1" 200 -
[2025-04-01 10:30:29,523] INFO in app: path: /logout | method: GET | status: 200 OK | size: 16 >>> 172.25.0.6
[2025-04-01 10:30:29,524] INFO in _internal: 172.25.0.6 - - [01/Apr/2025 10:30:29] "GET /logout HTTP/1.1" 200 -
[2025-04-01 10:32:16,915] INFO in _internal: [31m[1mWARNING: This is a development server. Do not use it in a production deployment. Use a production WSGI server instead.[0m
 * Running on all addresses (0.0.0.0)
 * Running on http://127.0.0.1:8080
 * Running on http://172.25.0.3:8080
[2025-04-01 10:32:16,916] INFO in _internal: [33mPress CTRL+C to quit[0m
[2025-04-01 13:29:01,297] INFO in _internal: [31m[1mWARNING: This is a development server. Do not use it in a production deployment. Use a production WSGI server instead.[0m
 * Running on all addresses (0.0.0.0)
 * Running on http://127.0.0.1:8080
 * Running on http://172.25.0.3:8080
[2025-04-01 13:29:01,298] INFO in _internal: [33mPress CTRL+C to quit[0m
[2025-04-02 08:19:11,631] INFO in _internal: [31m[1mWARNING: This is a development server. Do not use it in a production deployment. Use a production WSGI server instead.[0m
 * Running on all addresses (0.0.0.0)
 * Running on http://127.0.0.1:8080
 * Running on http://172.25.0.3:8080
[2025-04-02 08:19:11,632] INFO in _internal: [33mPress CTRL+C to quit[0m
[2025-04-03 08:41:48,821] INFO in _internal: [31m[1mWARNING: This is a development server. Do not use it in a production deployment. Use a production WSGI server instead.[0m
 * Running on all addresses (0.0.0.0)
 * Running on http://127.0.0.1:8080
 * Running on http://172.25.0.4:8080
[2025-04-03 08:41:48,821] INFO in _internal: [33mPress CTRL+C to quit[0m
[2025-04-03 09:38:00,211] INFO in _internal: [31m[1mWARNING: This is a development server. Do not use it in a production deployment. Use a production WSGI server instead.[0m
 * Running on all addresses (0.0.0.0)
 * Running on http://127.0.0.1:8080
 * Running on http://172.25.0.3:8080
[2025-04-03 09:38:00,212] INFO in _internal: [33mPress CTRL+C to quit[0m
[2025-04-03 09:42:56,397] INFO in _internal: [31m[1mWARNING: This is a development server. Do not use it in a production deployment. Use a production WSGI server instead.[0m
 * Running on all addresses (0.0.0.0)
 * Running on http://127.0.0.1:8080
 * Running on http://172.25.0.3:8080
[2025-04-03 09:42:56,398] INFO in _internal: [33mPress CTRL+C to quit[0m
[2025-04-04 06:34:32,828] INFO in _internal: [31m[1mWARNING: This is a development server. Do not use it in a production deployment. Use a production WSGI server instead.[0m
 * Running on all addresses (0.0.0.0)
 * Running on http://127.0.0.1:8080
 * Running on http://172.25.0.4:8080
[2025-04-04 06:34:32,828] INFO in _internal: [33mPress CTRL+C to quit[0m
[2025-04-04 08:16:39,571] INFO in _internal: [31m[1mWARNING: This is a development server. Do not use it in a production deployment. Use a production WSGI server instead.[0m
 * Running on all addresses (0.0.0.0)
 * Running on http://127.0.0.1:8080
 * Running on http://172.25.0.3:8080
[2025-04-04 08:16:39,571] INFO in _internal: [33mPress CTRL+C to quit[0m
[2025-04-04 08:22:42,126] INFO in _internal: [31m[1mWARNING: This is a development server. Do not use it in a production deployment. Use a production WSGI server instead.[0m
 * Running on all addresses (0.0.0.0)
 * Running on http://127.0.0.1:8080
 * Running on http://172.25.0.4:8080
[2025-04-04 08:22:42,129] INFO in _internal: [33mPress CTRL+C to quit[0m
[2025-04-04 08:29:00,711] INFO in controlador_usuarios: Acceso usuario root correcto
[2025-04-04 08:29:00,714] INFO in app: path: /login | method: POST | status: 200 OK | size: 144 >>> 172.25.0.6
[2025-04-04 08:29:00,715] INFO in _internal: 172.25.0.6 - - [04/Apr/2025 08:29:00] "POST /login HTTP/1.1" 200 -
[2025-04-04 08:29:00,935] INFO in app: path: /salas | method: GET | status: 200 OK | size: 2 >>> 172.25.0.6
[2025-04-04 08:29:00,936] INFO in _internal: 172.25.0.6 - - [04/Apr/2025 08:29:00] "GET /salas HTTP/1.1" 200 -
[2025-04-04 08:29:04,344] INFO in app: path: /salas | method: POST | status: 200 OK | size: 25 >>> 172.25.0.6
[2025-04-04 08:29:04,344] INFO in _internal: 172.25.0.6 - - [04/Apr/2025 08:29:04] "POST /salas HTTP/1.1" 200 -
[2025-04-04 08:29:17,528] INFO in app: path: /salas | method: POST | status: 200 OK | size: 25 >>> 172.25.0.6
[2025-04-04 08:29:17,529] INFO in _internal: 172.25.0.6 - - [04/Apr/2025 08:29:17] "POST /salas HTTP/1.1" 200 -
[2025-04-04 08:31:10,764] INFO in app: path: /salas | method: GET | status: 200 OK | size: 2 >>> 172.25.0.6
[2025-04-04 08:31:10,765] INFO in _internal: 172.25.0.6 - - [04/Apr/2025 08:31:10] "GET /salas HTTP/1.1" 200 -
[2025-04-04 08:34:44,395] INFO in app: path: /salas | method: GET | status: 200 OK | size: 2 >>> 172.25.0.6
[2025-04-04 08:34:44,396] INFO in _internal: 172.25.0.6 - - [04/Apr/2025 08:34:44] "GET /salas HTTP/1.1" 200 -
[2025-04-04 08:34:59,105] INFO in app: path: /salas | method: GET | status: 200 OK | size: 2 >>> 172.25.0.6
[2025-04-04 08:34:59,106] INFO in _internal: 172.25.0.6 - - [04/Apr/2025 08:34:59] "GET /salas HTTP/1.1" 200 -
[2025-04-04 08:35:13,332] INFO in app: path: /upload | method: POST | status: 400 BAD REQUEST | size: 117 >>> 172.25.0.6
[2025-04-04 08:35:13,333] INFO in _internal: 172.25.0.6 - - [04/Apr/2025 08:35:13] "[31m[1mPOST /upload HTTP/1.1[0m" 400 -
[2025-04-04 08:36:39,412] INFO in app: path: /salas | method: GET | status: 200 OK | size: 2 >>> 172.25.0.6
[2025-04-04 08:36:39,413] INFO in _internal: 172.25.0.6 - - [04/Apr/2025 08:36:39] "GET /salas HTTP/1.1" 200 -
[2025-04-04 08:37:01,667] INFO in app: path: /salas | method: POST | status: 200 OK | size: 25 >>> 172.25.0.6
[2025-04-04 08:37:01,668] INFO in _internal: 172.25.0.6 - - [04/Apr/2025 08:37:01] "POST /salas HTTP/1.1" 200 -
[2025-04-04 08:39:41,141] INFO in _internal: [31m[1mWARNING: This is a development server. Do not use it in a production deployment. Use a production WSGI server instead.[0m
 * Running on all addresses (0.0.0.0)
 * Running on http://127.0.0.1:8080
 * Running on http://172.25.0.4:8080
[2025-04-04 08:39:41,141] INFO in _internal: [33mPress CTRL+C to quit[0m
[2025-04-04 08:39:52,118] INFO in app: path: /salas | method: POST | status: 400 BAD REQUEST | size: 125 >>> 172.25.0.6
[2025-04-04 08:39:52,119] INFO in _internal: 172.25.0.6 - - [04/Apr/2025 08:39:52] "[31m[1mPOST /salas HTTP/1.1[0m" 400 -
[2025-04-04 08:40:54,773] INFO in app: path: /salas | method: POST | status: 400 BAD REQUEST | size: 125 >>> 172.25.0.6
[2025-04-04 08:40:54,774] INFO in _internal: 172.25.0.6 - - [04/Apr/2025 08:40:54] "[31m[1mPOST /salas HTTP/1.1[0m" 400 -
[2025-04-04 08:41:20,764] INFO in app: path: /logout | method: GET | status: 200 OK | size: 16 >>> 172.25.0.6
[2025-04-04 08:41:20,765] INFO in _internal: 172.25.0.6 - - [04/Apr/2025 08:41:20] "GET /logout HTTP/1.1" 200 -
[2025-04-04 08:41:31,557] INFO in controlador_usuarios: Acceso usuario root correcto
[2025-04-04 08:41:31,557] INFO in app: path: /login | method: POST | status: 200 OK | size: 144 >>> 172.25.0.6
[2025-04-04 08:41:31,558] INFO in _internal: 172.25.0.6 - - [04/Apr/2025 08:41:31] "POST /login HTTP/1.1" 200 -
[2025-04-04 08:41:31,693] INFO in app: path: /salas | method: GET | status: 200 OK | size: 2 >>> 172.25.0.6
[2025-04-04 08:41:31,693] INFO in _internal: 172.25.0.6 - - [04/Apr/2025 08:41:31] "GET /salas HTTP/1.1" 200 -
[2025-04-04 08:41:42,105] INFO in app: path: /salas | method: POST | status: 401 UNAUTHORIZED | size: 25 >>> 172.25.0.6
[2025-04-04 08:41:42,106] INFO in _internal: 172.25.0.6 - - [04/Apr/2025 08:41:42] "[31m[1mPOST /salas HTTP/1.1[0m" 401 -
[2025-04-04 08:42:29,921] INFO in app: path: /salas | method: POST | status: 401 UNAUTHORIZED | size: 25 >>> 172.25.0.6
[2025-04-04 08:42:29,922] INFO in _internal: 172.25.0.6 - - [04/Apr/2025 08:42:29] "[31m[1mPOST /salas HTTP/1.1[0m" 401 -
[2025-04-04 08:43:36,553] INFO in _internal: [31m[1mWARNING: This is a development server. Do not use it in a production deployment. Use a production WSGI server instead.[0m
 * Running on all addresses (0.0.0.0)
 * Running on http://127.0.0.1:8080
 * Running on http://172.25.0.4:8080
[2025-04-04 08:43:36,553] INFO in _internal: [33mPress CTRL+C to quit[0m
[2025-04-04 08:43:41,046] INFO in app: path: /logout | method: GET | status: 200 OK | size: 16 >>> 172.25.0.6
[2025-04-04 08:43:41,047] INFO in _internal: 172.25.0.6 - - [04/Apr/2025 08:43:41] "GET /logout HTTP/1.1" 200 -
[2025-04-04 08:43:51,710] INFO in controlador_usuarios: Acceso usuario root correcto
[2025-04-04 08:43:51,711] INFO in app: path: /login | method: POST | status: 200 OK | size: 144 >>> 172.25.0.6
[2025-04-04 08:43:51,712] INFO in _internal: 172.25.0.6 - - [04/Apr/2025 08:43:51] "POST /login HTTP/1.1" 200 -
[2025-04-04 08:43:51,870] INFO in app: path: /salas | method: GET | status: 200 OK | size: 2 >>> 172.25.0.6
[2025-04-04 08:43:51,871] INFO in _internal: 172.25.0.6 - - [04/Apr/2025 08:43:51] "GET /salas HTTP/1.1" 200 -
[2025-04-04 08:44:05,557] INFO in app: path: /salas | method: POST | status: 401 UNAUTHORIZED | size: 25 >>> 172.25.0.6
[2025-04-04 08:44:05,558] INFO in _internal: 172.25.0.6 - - [04/Apr/2025 08:44:05] "[31m[1mPOST /salas HTTP/1.1[0m" 401 -
[2025-04-04 08:46:58,231] INFO in _internal: [31m[1mWARNING: This is a development server. Do not use it in a production deployment. Use a production WSGI server instead.[0m
 * Running on all addresses (0.0.0.0)
 * Running on http://127.0.0.1:8080
 * Running on http://172.25.0.4:8080
[2025-04-04 08:46:58,231] INFO in _internal: [33mPress CTRL+C to quit[0m
[2025-04-04 08:47:12,433] INFO in _internal: [31m[1mWARNING: This is a development server. Do not use it in a production deployment. Use a production WSGI server instead.[0m
 * Running on all addresses (0.0.0.0)
 * Running on http://127.0.0.1:8080
 * Running on http://172.25.0.4:8080
[2025-04-04 08:47:12,433] INFO in _internal: [33mPress CTRL+C to quit[0m
[2025-04-04 08:47:23,079] INFO in controlador_usuarios: Acceso usuario root correcto
[2025-04-04 08:47:23,080] INFO in app: path: /login | method: POST | status: 200 OK | size: 144 >>> 172.25.0.6
[2025-04-04 08:47:23,081] INFO in _internal: 172.25.0.6 - - [04/Apr/2025 08:47:23] "POST /login HTTP/1.1" 200 -
[2025-04-04 08:47:23,152] INFO in app: path: /salas | method: GET | status: 200 OK | size: 2 >>> 172.25.0.6
[2025-04-04 08:47:23,153] INFO in _internal: 172.25.0.6 - - [04/Apr/2025 08:47:23] "GET /salas HTTP/1.1" 200 -
[2025-04-04 08:47:32,751] INFO in app: path: /salas | method: POST | status: 401 UNAUTHORIZED | size: 25 >>> 172.25.0.6
[2025-04-04 08:47:32,752] INFO in _internal: 172.25.0.6 - - [04/Apr/2025 08:47:32] "[31m[1mPOST /salas HTTP/1.1[0m" 401 -
[2025-04-04 08:53:20,531] INFO in app: path: /salas | method: POST | status: 200 OK | size: 16 >>> 172.25.0.6
[2025-04-04 08:53:20,532] INFO in _internal: 172.25.0.6 - - [04/Apr/2025 08:53:20] "POST /salas HTTP/1.1" 200 -
[2025-04-04 08:53:22,134] INFO in app: path: /salas | method: GET | status: 200 OK | size: 84 >>> 172.25.0.6
[2025-04-04 08:53:22,134] INFO in _internal: 172.25.0.6 - - [04/Apr/2025 08:53:22] "GET /salas HTTP/1.1" 200 -
[2025-04-04 08:53:31,991] INFO in app: path: /sala/4 | method: GET | status: 404 NOT FOUND | size: 207 >>> 172.25.0.6
[2025-04-04 08:53:31,991] INFO in _internal: 172.25.0.6 - - [04/Apr/2025 08:53:31] "[33mGET /sala/4 HTTP/1.1[0m" 404 -
[2025-04-04 08:53:34,539] INFO in app: path: /salas | method: GET | status: 200 OK | size: 84 >>> 172.25.0.6
[2025-04-04 08:53:34,539] INFO in _internal: 172.25.0.6 - - [04/Apr/2025 08:53:34] "GET /salas HTTP/1.1" 200 -
[2025-04-04 08:53:38,153] INFO in app: path: /sala/4 | method: GET | status: 404 NOT FOUND | size: 207 >>> 172.25.0.6
[2025-04-04 08:53:38,154] INFO in _internal: 172.25.0.6 - - [04/Apr/2025 08:53:38] "[33mGET /sala/4 HTTP/1.1[0m" 404 -
[2025-04-04 08:53:40,126] INFO in app: path: /salas | method: GET | status: 200 OK | size: 84 >>> 172.25.0.6
[2025-04-04 08:53:40,127] INFO in _internal: 172.25.0.6 - - [04/Apr/2025 08:53:40] "GET /salas HTTP/1.1" 200 -
[2025-04-04 08:53:42,436] INFO in app: path: /salas/4 | method: DELETE | status: 200 OK | size: 16 >>> 172.25.0.6
[2025-04-04 08:53:42,437] INFO in _internal: 172.25.0.6 - - [04/Apr/2025 08:53:42] "DELETE /salas/4 HTTP/1.1" 200 -
[2025-04-04 08:53:43,662] INFO in app: path: /salas | method: GET | status: 200 OK | size: 2 >>> 172.25.0.6
[2025-04-04 08:53:43,663] INFO in _internal: 172.25.0.6 - - [04/Apr/2025 08:53:43] "GET /salas HTTP/1.1" 200 -
[2025-04-04 08:53:51,364] INFO in app: path: /salas | method: POST | status: 200 OK | size: 16 >>> 172.25.0.6
[2025-04-04 08:53:51,364] INFO in _internal: 172.25.0.6 - - [04/Apr/2025 08:53:51] "POST /salas HTTP/1.1" 200 -
[2025-04-04 08:53:53,232] INFO in app: path: /salas | method: GET | status: 200 OK | size: 88 >>> 172.25.0.6
[2025-04-04 08:53:53,232] INFO in _internal: 172.25.0.6 - - [04/Apr/2025 08:53:53] "GET /salas HTTP/1.1" 200 -
[2025-04-04 08:55:51,085] INFO in app: path: /salas | method: GET | status: 200 OK | size: 88 >>> 172.25.0.6
[2025-04-04 08:55:51,085] INFO in _internal: 172.25.0.6 - - [04/Apr/2025 08:55:51] "GET /salas HTTP/1.1" 200 -
[2025-04-04 08:55:52,109] INFO in app: path: /sala/5 | method: GET | status: 404 NOT FOUND | size: 207 >>> 172.25.0.6
[2025-04-04 08:55:52,109] INFO in _internal: 172.25.0.6 - - [04/Apr/2025 08:55:52] "[33mGET /sala/5 HTTP/1.1[0m" 404 -
[2025-04-04 08:55:59,058] INFO in app: path: /salas | method: GET | status: 200 OK | size: 88 >>> 172.25.0.6
[2025-04-04 08:55:59,059] INFO in _internal: 172.25.0.6 - - [04/Apr/2025 08:55:59] "GET /salas HTTP/1.1" 200 -
[2025-04-04 08:56:00,482] INFO in app: path: /sala/5 | method: GET | status: 404 NOT FOUND | size: 207 >>> 172.25.0.6
[2025-04-04 08:56:00,482] INFO in _internal: 172.25.0.6 - - [04/Apr/2025 08:56:00] "[33mGET /sala/5 HTTP/1.1[0m" 404 -
[2025-04-04 08:58:17,404] INFO in app: path: /salas | method: GET | status: 403 FORBIDDEN | size: 23 >>> 172.25.0.6
[2025-04-04 08:58:17,404] INFO in _internal: 172.25.0.6 - - [04/Apr/2025 08:58:17] "[31m[1mGET /salas HTTP/1.1[0m" 403 -
[2025-04-04 08:58:23,578] INFO in controlador_usuarios: Acceso usuario root correcto
[2025-04-04 08:58:23,578] INFO in app: path: /login | method: POST | status: 200 OK | size: 144 >>> 172.25.0.6
[2025-04-04 08:58:23,579] INFO in _internal: 172.25.0.6 - - [04/Apr/2025 08:58:23] "POST /login HTTP/1.1" 200 -
[2025-04-04 08:58:23,656] INFO in app: path: /salas | method: GET | status: 200 OK | size: 88 >>> 172.25.0.6
[2025-04-04 08:58:23,656] INFO in _internal: 172.25.0.6 - - [04/Apr/2025 08:58:23] "GET /salas HTTP/1.1" 200 -
[2025-04-04 08:58:24,937] INFO in app: path: /salas/5 | method: GET | status: 200 OK | size: 86 >>> 172.25.0.6
[2025-04-04 08:58:24,937] INFO in _internal: 172.25.0.6 - - [04/Apr/2025 08:58:24] "GET /salas/5 HTTP/1.1" 200 -
[2025-04-04 08:58:41,178] INFO in app: path: /salas | method: PUT | status: 200 OK | size: 16 >>> 172.25.0.6
[2025-04-04 08:58:41,179] INFO in _internal: 172.25.0.6 - - [04/Apr/2025 08:58:41] "PUT /salas HTTP/1.1" 200 -
[2025-04-04 08:58:42,689] INFO in app: path: /salas | method: GET | status: 200 OK | size: 88 >>> 172.25.0.6
[2025-04-04 08:58:42,689] INFO in _internal: 172.25.0.6 - - [04/Apr/2025 08:58:42] "GET /salas HTTP/1.1" 200 -
[2025-04-04 08:58:45,955] INFO in app: path: /salas/5 | method: DELETE | status: 200 OK | size: 16 >>> 172.25.0.6
[2025-04-04 08:58:45,956] INFO in _internal: 172.25.0.6 - - [04/Apr/2025 08:58:45] "DELETE /salas/5 HTTP/1.1" 200 -
[2025-04-04 08:58:47,064] INFO in app: path: /salas | method: GET | status: 200 OK | size: 2 >>> 172.25.0.6
[2025-04-04 08:58:47,065] INFO in _internal: 172.25.0.6 - - [04/Apr/2025 08:58:47] "GET /salas HTTP/1.1" 200 -
[2025-04-04 08:59:15,030] INFO in app: path: /upload | method: POST | status: 400 BAD REQUEST | size: 117 >>> 172.25.0.6
[2025-04-04 08:59:15,031] INFO in _internal: 172.25.0.6 - - [04/Apr/2025 08:59:15] "[31m[1mPOST /upload HTTP/1.1[0m" 400 -
[2025-04-04 09:02:41,660] INFO in app: path: /upload | method: POST | status: 400 BAD REQUEST | size: 117 >>> 172.25.0.6
[2025-04-04 09:02:41,660] INFO in _internal: 172.25.0.6 - - [04/Apr/2025 09:02:41] "[31m[1mPOST /upload HTTP/1.1[0m" 400 -
[2025-04-04 09:03:04,324] INFO in app: path: /salas | method: GET | status: 200 OK | size: 2 >>> 172.25.0.6
[2025-04-04 09:03:04,324] INFO in _internal: 172.25.0.6 - - [04/Apr/2025 09:03:04] "GET /salas HTTP/1.1" 200 -
[2025-04-04 09:03:04,841] INFO in app: path: /logout | method: GET | status: 200 OK | size: 16 >>> 172.25.0.6
[2025-04-04 09:03:04,842] INFO in _internal: 172.25.0.6 - - [04/Apr/2025 09:03:04] "GET /logout HTTP/1.1" 200 -
[2025-04-04 09:03:07,687] INFO in controlador_usuarios: Acceso usuario root correcto
[2025-04-04 09:03:07,688] INFO in app: path: /login | method: POST | status: 200 OK | size: 144 >>> 172.25.0.6
[2025-04-04 09:03:07,688] INFO in _internal: 172.25.0.6 - - [04/Apr/2025 09:03:07] "POST /login HTTP/1.1" 200 -
[2025-04-04 09:03:07,792] INFO in app: path: /salas | method: GET | status: 200 OK | size: 2 >>> 172.25.0.6
[2025-04-04 09:03:07,793] INFO in _internal: 172.25.0.6 - - [04/Apr/2025 09:03:07] "GET /salas HTTP/1.1" 200 -
[2025-04-04 09:03:14,246] INFO in app: path: /upload | method: POST | status: 400 BAD REQUEST | size: 117 >>> 172.25.0.6
[2025-04-04 09:03:14,247] INFO in _internal: 172.25.0.6 - - [04/Apr/2025 09:03:14] "[31m[1mPOST /upload HTTP/1.1[0m" 400 -
[2025-04-04 09:09:10,963] INFO in app: path: /upload | method: POST | status: 400 BAD REQUEST | size: 117 >>> 172.25.0.6
[2025-04-04 09:09:10,964] INFO in _internal: 172.25.0.6 - - [04/Apr/2025 09:09:10] "[31m[1mPOST /upload HTTP/1.1[0m" 400 -
[2025-04-04 09:10:00,602] INFO in app: path: /logout | method: GET | status: 200 OK | size: 16 >>> 172.25.0.6
[2025-04-04 09:10:00,603] INFO in _internal: 172.25.0.6 - - [04/Apr/2025 09:10:00] "GET /logout HTTP/1.1" 200 -
[2025-04-04 09:10:03,600] INFO in controlador_usuarios: Acceso usuario root correcto
[2025-04-04 09:10:03,600] INFO in app: path: /login | method: POST | status: 200 OK | size: 144 >>> 172.25.0.6
[2025-04-04 09:10:03,601] INFO in _internal: 172.25.0.6 - - [04/Apr/2025 09:10:03] "POST /login HTTP/1.1" 200 -
[2025-04-04 09:10:03,705] INFO in app: path: /salas | method: GET | status: 200 OK | size: 2 >>> 172.25.0.6
[2025-04-04 09:10:03,706] INFO in _internal: 172.25.0.6 - - [04/Apr/2025 09:10:03] "GET /salas HTTP/1.1" 200 -
[2025-04-04 09:10:09,169] INFO in app: path: /upload | method: POST | status: 400 BAD REQUEST | size: 117 >>> 172.25.0.6
[2025-04-04 09:10:09,170] INFO in _internal: 172.25.0.6 - - [04/Apr/2025 09:10:09] "[31m[1mPOST /upload HTTP/1.1[0m" 400 -
[2025-04-04 09:10:38,625] INFO in app: path: /upload | method: POST | status: 400 BAD REQUEST | size: 117 >>> 172.25.0.6
[2025-04-04 09:10:38,626] INFO in _internal: 172.25.0.6 - - [04/Apr/2025 09:10:38] "[31m[1mPOST /upload HTTP/1.1[0m" 400 -
[2025-04-04 09:39:00,978] INFO in app: path: /upload | method: POST | status: 400 BAD REQUEST | size: 117 >>> 172.25.0.6
[2025-04-04 09:39:00,979] INFO in _internal: 172.25.0.6 - - [04/Apr/2025 09:39:00] "[31m[1mPOST /upload HTTP/1.1[0m" 400 -
[2025-04-04 09:39:53,487] INFO in app: path: /upload | method: POST | status: 400 BAD REQUEST | size: 125 >>> 172.25.0.6
[2025-04-04 09:39:53,488] INFO in _internal: 172.25.0.6 - - [04/Apr/2025 09:39:53] "[31m[1mPOST /upload HTTP/1.1[0m" 400 -
[2025-04-04 09:40:26,789] INFO in app: path: /upload | method: POST | status: 400 BAD REQUEST | size: 125 >>> 172.25.0.6
[2025-04-04 09:40:26,790] INFO in _internal: 172.25.0.6 - - [04/Apr/2025 09:40:26] "[31m[1mPOST /upload HTTP/1.1[0m" 400 -
[2025-04-04 09:40:45,183] INFO in app: path: /logout | method: GET | status: 200 OK | size: 16 >>> 172.25.0.6
[2025-04-04 09:40:45,184] INFO in _internal: 172.25.0.6 - - [04/Apr/2025 09:40:45] "GET /logout HTTP/1.1" 200 -
[2025-04-04 09:40:50,305] INFO in controlador_usuarios: Acceso usuario root correcto
[2025-04-04 09:40:50,306] INFO in app: path: /login | method: POST | status: 200 OK | size: 144 >>> 172.25.0.6
[2025-04-04 09:40:50,306] INFO in _internal: 172.25.0.6 - - [04/Apr/2025 09:40:50] "POST /login HTTP/1.1" 200 -
[2025-04-04 09:40:50,415] INFO in app: path: /salas | method: GET | status: 200 OK | size: 2 >>> 172.25.0.6
[2025-04-04 09:40:50,416] INFO in _internal: 172.25.0.6 - - [04/Apr/2025 09:40:50] "GET /salas HTTP/1.1" 200 -
[2025-04-04 09:40:58,761] INFO in app: path: /upload | method: POST | status: 500 INTERNAL SERVER ERROR | size: 19 >>> 172.25.0.6
[2025-04-04 09:40:58,761] INFO in _internal: 172.25.0.6 - - [04/Apr/2025 09:40:58] "[35m[1mPOST /upload HTTP/1.1[0m" 500 -
[2025-04-04 09:49:18,811] INFO in app: path: /logout | method: GET | status: 200 OK | size: 16 >>> 172.25.0.6
[2025-04-04 09:49:18,812] INFO in _internal: 172.25.0.6 - - [04/Apr/2025 09:49:18] "GET /logout HTTP/1.1" 200 -
[2025-04-04 09:49:22,347] INFO in controlador_usuarios: Acceso usuario root correcto
[2025-04-04 09:49:22,348] INFO in app: path: /login | method: POST | status: 200 OK | size: 144 >>> 172.25.0.6
[2025-04-04 09:49:22,348] INFO in _internal: 172.25.0.6 - - [04/Apr/2025 09:49:22] "POST /login HTTP/1.1" 200 -
[2025-04-04 09:49:22,451] INFO in app: path: /salas | method: GET | status: 200 OK | size: 2 >>> 172.25.0.6
[2025-04-04 09:49:22,451] INFO in _internal: 172.25.0.6 - - [04/Apr/2025 09:49:22] "GET /salas HTTP/1.1" 200 -
[2025-04-04 09:50:17,540] INFO in app: path: /salas | method: GET | status: 200 OK | size: 2 >>> 172.25.0.6
[2025-04-04 09:50:17,540] INFO in _internal: 172.25.0.6 - - [04/Apr/2025 09:50:17] "GET /salas HTTP/1.1" 200 -
[2025-04-04 09:52:38,538] INFO in app: path: /salas | method: GET | status: 200 OK | size: 2 >>> 172.25.0.6
[2025-04-04 09:52:38,538] INFO in _internal: 172.25.0.6 - - [04/Apr/2025 09:52:38] "GET /salas HTTP/1.1" 200 -
[2025-04-04 09:52:48,839] INFO in app: path: /salas | method: POST | status: 200 OK | size: 16 >>> 172.25.0.6
[2025-04-04 09:52:48,839] INFO in _internal: 172.25.0.6 - - [04/Apr/2025 09:52:48] "POST /salas HTTP/1.1" 200 -
[2025-04-04 09:52:50,477] INFO in app: path: /salas | method: GET | status: 200 OK | size: 80 >>> 172.25.0.6
[2025-04-04 09:52:50,477] INFO in _internal: 172.25.0.6 - - [04/Apr/2025 09:52:50] "GET /salas HTTP/1.1" 200 -
[2025-04-04 09:53:43,980] INFO in app: path: /salas | method: GET | status: 200 OK | size: 80 >>> 172.25.0.6
[2025-04-04 09:53:43,980] INFO in _internal: 172.25.0.6 - - [04/Apr/2025 09:53:43] "GET /salas HTTP/1.1" 200 -
[2025-04-04 09:55:01,485] INFO in app: path: /salas | method: GET | status: 200 OK | size: 80 >>> 172.25.0.6
[2025-04-04 09:55:01,486] INFO in _internal: 172.25.0.6 - - [04/Apr/2025 09:55:01] "GET /salas HTTP/1.1" 200 -
[2025-04-04 09:56:10,535] INFO in _internal: [31m[1mWARNING: This is a development server. Do not use it in a production deployment. Use a production WSGI server instead.[0m
 * Running on all addresses (0.0.0.0)
 * Running on http://127.0.0.1:8080
 * Running on http://172.25.0.4:8080
[2025-04-04 09:56:10,535] INFO in _internal: [33mPress CTRL+C to quit[0m
[2025-04-04 09:56:12,551] INFO in app: path: /salas | method: GET | status: 200 OK | size: 80 >>> 172.25.0.6
[2025-04-04 09:56:12,551] INFO in _internal: 172.25.0.6 - - [04/Apr/2025 09:56:12] "GET /salas HTTP/1.1" 200 -
[2025-04-04 09:56:13,813] INFO in app: path: /logout | method: GET | status: 200 OK | size: 16 >>> 172.25.0.6
[2025-04-04 09:56:13,814] INFO in _internal: 172.25.0.6 - - [04/Apr/2025 09:56:13] "GET /logout HTTP/1.1" 200 -
[2025-04-04 09:56:29,656] INFO in app: path: /registro | method: POST | status: 200 OK | size: 51 >>> 172.25.0.6
[2025-04-04 09:56:29,657] INFO in _internal: 172.25.0.6 - - [04/Apr/2025 09:56:29] "POST /registro HTTP/1.1" 200 -
[2025-04-04 09:56:56,969] INFO in controlador_usuarios: Acceso usuario prueba correcto
[2025-04-04 09:56:56,972] INFO in app: path: /login | method: POST | status: 200 OK | size: 145 >>> 172.25.0.6
[2025-04-04 09:56:56,973] INFO in _internal: 172.25.0.6 - - [04/Apr/2025 09:56:56] "POST /login HTTP/1.1" 200 -
[2025-04-04 09:56:57,138] INFO in app: path: /salas | method: GET | status: 200 OK | size: 80 >>> 172.25.0.6
[2025-04-04 09:56:57,138] INFO in _internal: 172.25.0.6 - - [04/Apr/2025 09:56:57] "GET /salas HTTP/1.1" 200 -
[2025-04-04 09:57:31,326] INFO in app: path: /salas | method: GET | status: 200 OK | size: 80 >>> 172.25.0.6
[2025-04-04 09:57:31,327] INFO in _internal: 172.25.0.6 - - [04/Apr/2025 09:57:31] "GET /salas HTTP/1.1" 200 -
[2025-04-04 09:57:33,711] INFO in app: path: /logout | method: GET | status: 200 OK | size: 16 >>> 172.25.0.6
[2025-04-04 09:57:33,712] INFO in _internal: 172.25.0.6 - - [04/Apr/2025 09:57:33] "GET /logout HTTP/1.1" 200 -
[2025-04-04 09:57:37,110] INFO in controlador_usuarios: Acceso usuario root correcto
[2025-04-04 09:57:37,111] INFO in app: path: /login | method: POST | status: 200 OK | size: 144 >>> 172.25.0.6
[2025-04-04 09:57:37,112] INFO in _internal: 172.25.0.6 - - [04/Apr/2025 09:57:37] "POST /login HTTP/1.1" 200 -
[2025-04-04 09:57:37,192] INFO in app: path: /salas | method: GET | status: 200 OK | size: 80 >>> 172.25.0.6
[2025-04-04 09:57:37,192] INFO in _internal: 172.25.0.6 - - [04/Apr/2025 09:57:37] "GET /salas HTTP/1.1" 200 -
[2025-04-04 09:58:24,424] INFO in app: path: /salas | method: GET | status: 200 OK | size: 80 >>> 172.25.0.6
[2025-04-04 09:58:24,425] INFO in _internal: 172.25.0.6 - - [04/Apr/2025 09:58:24] "GET /salas HTTP/1.1" 200 -
[2025-04-04 09:58:31,914] INFO in app: path: /salas | method: GET | status: 200 OK | size: 80 >>> 172.25.0.6
[2025-04-04 09:58:31,914] INFO in _internal: 172.25.0.6 - - [04/Apr/2025 09:58:31] "GET /salas HTTP/1.1" 200 -
[2025-04-04 09:58:36,131] INFO in app: path: /logout | method: GET | status: 200 OK | size: 16 >>> 172.25.0.6
[2025-04-04 09:58:36,132] INFO in _internal: 172.25.0.6 - - [04/Apr/2025 09:58:36] "GET /logout HTTP/1.1" 200 -
